year,province,cohort_type,actual_intake,optimal_intake,aci_value,niv_per_unit,scenario
2018,AB,family_class,13920,84930,0.4537,-133783.0,aci_equal
2018,AB,francophone_pr,0,1914,0.5,444285.46,aci_equal
2018,AB,high_quality_student,13155,254125,0.4537,99711.36,aci_equal
2018,AB,high_wage_worker,27165,316575,0.4537,412526.93,aci_equal
2018,AB,in_canada_transition,12820,91360,0.4537,237641.37,aci_equal
2018,AB,low_quality_student,6120,113060,0.4537,-211205.93,aci_equal
2018,AB,low_wage_worker,11300,102855,0.4537,-180555.42,aci_equal
2018,AB,refugee,6355,26482,0.4537,-439889.84,aci_equal
2018,BC,family_class,14760,0,0.4446,-133783.0,aci_equal
2018,BC,francophone_pr,0,137,0.5,444285.46,aci_equal
2018,BC,high_quality_student,52900,0,0.4446,99711.36,aci_equal
2018,BC,high_wage_worker,56705,0,0.4446,412526.93,aci_equal
2018,BC,in_canada_transition,16645,0,0.4446,237641.37,aci_equal
2018,BC,low_quality_student,31690,0,0.4446,-211205.93,aci_equal
2018,BC,low_wage_worker,24165,0,0.4446,-180555.42,aci_equal
2018,BC,refugee,3375,1892,0.4446,-439889.84,aci_equal
2018,MB,family_class,2730,0,0.3891,-133783.0,aci_equal
2018,MB,francophone_pr,0,137,0.5,444285.46,aci_equal
2018,MB,high_quality_student,9585,0,0.3891,99711.36,aci_equal
2018,MB,high_wage_worker,10095,0,0.3891,412526.93,aci_equal
2018,MB,in_canada_transition,10260,0,0.3891,237641.37,aci_equal
2018,MB,low_quality_student,3050,0,0.3891,-211205.93,aci_equal
2018,MB,low_wage_worker,1180,0,0.3891,-180555.42,aci_equal
2018,MB,refugee,1540,1892,0.3891,-439889.84,aci_equal
2018,NB,family_class,390,0,0.3583,-133783.0,aci_equal
2018,NB,francophone_pr,0,137,0.5,444285.46,aci_equal
2018,NB,high_quality_student,2460,0,0.3583,99711.36,aci_equal
2018,NB,high_wage_worker,2320,0,0.3583,412526.93,aci_equal
2018,NB,in_canada_transition,3600,0,0.3583,237641.37,aci_equal
2018,NB,low_quality_student,1360,0,0.3583,-211205.93,aci_equal
2018,NB,low_wage_worker,1385,0,0.3583,-180555.42,aci_equal
2018,NB,refugee,340,1892,0.3583,-439889.84,aci_equal
2018,NL,family_class,180,0,0.4191,-133783.0,aci_equal
2018,NL,francophone_pr,0,137,0.5,444285.46,aci_equal
2018,NL,high_quality_student,1890,0,0.4191,99711.36,aci_equal
2018,NL,high_wage_worker,1745,0,0.4191,412526.93,aci_equal
2018,NL,in_canada_transition,885,0,0.4191,237641.37,aci_equal
2018,NL,low_quality_student,485,0,0.4191,-211205.93,aci_equal
2018,NL,low_wage_worker,420,0,0.4191,-180555.42,aci_equal
2018,NL,refugee,265,1892,0.4191,-439889.84,aci_equal
2018,NS,family_class,685,0,0.3232,-133783.0,aci_equal
2018,NS,francophone_pr,0,137,0.5,444285.46,aci_equal
2018,NS,high_quality_student,6955,0,0.3232,99711.36,aci_equal
2018,NS,high_wage_worker,4150,0,0.3232,412526.93,aci_equal
2018,NS,in_canada_transition,4205,0,0.3232,237641.37,aci_equal
2018,NS,low_quality_student,3300,0,0.3232,-211205.93,aci_equal
2018,NS,low_wage_worker,2055,0,0.3232,-180555.42,aci_equal
2018,NS,refugee,645,1892,0.3232,-439889.84,aci_equal
2018,NT,family_class,55,0,,-133783.0,aci_equal
2018,NT,francophone_pr,0,137,0.5,444285.46,aci_equal
2018,NT,high_quality_student,0,0,0.5,99711.36,aci_equal
2018,NT,high_wage_worker,80,0,,412526.93,aci_equal
2018,NT,in_canada_transition,120,0,,237641.37,aci_equal
2018,NT,low_quality_student,10,0,,-211205.93,aci_equal
2018,NT,low_wage_worker,30,0,,-180555.42,aci_equal
2018,NT,refugee,0,1892,0.5,-439889.84,aci_equal
2018,NU,family_class,0,0,0.5,-133783.0,aci_equal
2018,NU,francophone_pr,0,137,0.5,444285.46,aci_equal
2018,NU,high_quality_student,0,0,0.5,99711.36,aci_equal
2018,NU,high_wage_worker,0,0,0.5,412526.93,aci_equal
2018,NU,in_canada_transition,0,0,0.5,237641.37,aci_equal
2018,NU,low_quality_student,0,0,0.5,-211205.93,aci_equal
2018,NU,low_wage_worker,55,0,,-180555.42,aci_equal
2018,NU,refugee,0,1892,0.5,-439889.84,aci_equal
2018,ON,family_class,37850,0,0.4147,-133783.0,aci_equal
2018,ON,francophone_pr,0,137,0.5,444285.46,aci_equal
2018,ON,high_quality_student,126310,0,0.4147,99711.36,aci_equal
2018,ON,high_wage_worker,135140,0,0.4147,412526.93,aci_equal
2018,ON,in_canada_transition,29215,0,0.4147,237641.37,aci_equal
2018,ON,low_quality_student,54725,0,0.4147,-211205.93,aci_equal
2018,ON,low_wage_worker,41465,0,0.4147,-180555.42,aci_equal
2018,ON,refugee,25900,1892,0.4147,-439889.84,aci_equal
2018,PE,family_class,90,0,,-133783.0,aci_equal
2018,PE,francophone_pr,0,137,0.5,444285.46,aci_equal
2018,PE,high_quality_student,1085,0,,99711.36,aci_equal
2018,PE,high_wage_worker,1220,0,,412526.93,aci_equal
2018,PE,in_canada_transition,1860,0,,237641.37,aci_equal
2018,PE,low_quality_student,820,0,,-211205.93,aci_equal
2018,PE,low_wage_worker,845,0,,-180555.42,aci_equal
2018,PE,refugee,55,1892,,-439889.84,aci_equal
2018,QC,family_class,12270,0,0.4592,-133783.0,aci_equal
2018,QC,francophone_pr,3554,137,0.4592,444285.46,aci_equal
2018,QC,high_quality_student,35425,0,0.4592,99711.36,aci_equal
2018,QC,high_wage_worker,71115,0,0.4592,412526.93,aci_equal
2018,QC,in_canada_transition,0,0,0.5,237641.37,aci_equal
2018,QC,low_quality_student,9905,0,0.4592,-211205.93,aci_equal
2018,QC,low_wage_worker,18875,0,0.4592,-180555.42,aci_equal
2018,QC,refugee,9640,1892,0.4592,-439889.84,aci_equal
2018,SK,family_class,1975,0,0.5493,-133783.0,aci_equal
2018,SK,francophone_pr,0,137,0.5,444285.46,aci_equal
2018,SK,high_quality_student,4325,0,0.5493,99711.36,aci_equal
2018,SK,high_wage_worker,6380,0,0.5493,412526.93,aci_equal
2018,SK,in_canada_transition,11560,0,0.5493,237641.37,aci_equal
2018,SK,low_quality_student,1590,0,0.5493,-211205.93,aci_equal
2018,SK,low_wage_worker,1000,0,0.5493,-180555.42,aci_equal
2018,SK,refugee,1055,1892,0.5493,-439889.84,aci_equal
2018,YT,family_class,25,0,,-133783.0,aci_equal
2018,YT,francophone_pr,0,137,0.5,444285.46,aci_equal
2018,YT,high_quality_student,35,0,,99711.36,aci_equal
2018,YT,high_wage_worker,460,0,,412526.93,aci_equal
2018,YT,in_canada_transition,190,0,,237641.37,aci_equal
2018,YT,low_quality_student,5,0,,-211205.93,aci_equal
2018,YT,low_wage_worker,80,0,,-180555.42,aci_equal
2018,YT,refugee,10,1892,,-439889.84,aci_equal
2019,AB,family_class,15290,91025,0.4431,-133783.0,aci_equal
2019,AB,francophone_pr,0,2064,0.5,444285.46,aci_equal
2019,AB,high_quality_student,14450,296205,0.4431,99711.36,aci_equal
2019,AB,high_wage_worker,29960,381165,0.4431,412526.93,aci_equal
2019,AB,in_canada_transition,13270,102995,0.4431,237641.37,aci_equal
2019,AB,low_quality_student,6550,115035,0.4431,-211205.93,aci_equal
2019,AB,low_wage_worker,10930,109645,0.4431,-180555.42,aci_equal
2019,AB,refugee,7640,28477,0.4431,-439889.84,aci_equal
2019,BC,family_class,16225,0,0.4627,-133783.0,aci_equal
2019,BC,francophone_pr,0,147,0.5,444285.46,aci_equal
2019,BC,high_quality_student,57995,0,0.4627,99711.36,aci_equal
2019,BC,high_wage_worker,70585,0,0.4627,412526.93,aci_equal
2019,BC,in_canada_transition,19295,0,0.4627,237641.37,aci_equal
2019,BC,low_quality_student,30775,0,0.4627,-211205.93,aci_equal
2019,BC,low_wage_worker,26945,0,0.4627,-180555.42,aci_equal
2019,BC,refugee,3895,2034,0.4627,-439889.84,aci_equal
2019,MB,family_class,3150,0,0.3956,-133783.0,aci_equal
2019,MB,francophone_pr,0,147,0.5,444285.46,aci_equal
2019,MB,high_quality_student,9835,0,0.3956,99711.36,aci_equal
2019,MB,high_wage_worker,11560,0,0.3956,412526.93,aci_equal
2019,MB,in_canada_transition,12955,0,0.3956,237641.37,aci_equal
2019,MB,low_quality_student,2835,0,0.3956,-211205.93,aci_equal
2019,MB,low_wage_worker,1315,0,0.3956,-180555.42,aci_equal
2019,MB,refugee,2015,2034,0.3956,-439889.84,aci_equal
2019,NB,family_class,395,0,0.3922,-133783.0,aci_equal
2019,NB,francophone_pr,0,147,0.5,444285.46,aci_equal
2019,NB,high_quality_student,3190,0,0.3922,99711.36,aci_equal
2019,NB,high_wage_worker,2945,0,0.3922,412526.93,aci_equal
2019,NB,in_canada_transition,4845,0,0.3922,237641.37,aci_equal
2019,NB,low_quality_student,1230,0,0.3922,-211205.93,aci_equal
2019,NB,low_wage_worker,1700,0,0.3922,-180555.42,aci_equal
2019,NB,refugee,480,2034,0.3922,-439889.84,aci_equal
2019,NL,family_class,215,0,0.4297,-133783.0,aci_equal
2019,NL,francophone_pr,0,147,0.5,444285.46,aci_equal
2019,NL,high_quality_student,2185,0,0.4297,99711.36,aci_equal
2019,NL,high_wage_worker,1840,0,0.4297,412526.93,aci_equal
2019,NL,in_canada_transition,1075,0,0.4297,237641.37,aci_equal
2019,NL,low_quality_student,485,0,0.4297,-211205.93,aci_equal
2019,NL,low_wage_worker,435,0,0.4297,-180555.42,aci_equal
2019,NL,refugee,385,2034,0.4297,-439889.84,aci_equal
2019,NS,family_class,855,0,0.3251,-133783.0,aci_equal
2019,NS,francophone_pr,0,147,0.5,444285.46,aci_equal
2019,NS,high_quality_student,7350,0,0.3251,99711.36,aci_equal
2019,NS,high_wage_worker,5760,0,0.3251,412526.93,aci_equal
2019,NS,in_canada_transition,5460,0,0.3251,237641.37,aci_equal
2019,NS,low_quality_student,3270,0,0.3251,-211205.93,aci_equal
2019,NS,low_wage_worker,2230,0,0.3251,-180555.42,aci_equal
2019,NS,refugee,790,2034,0.3251,-439889.84,aci_equal
2019,NT,family_class,55,0,,-133783.0,aci_equal
2019,NT,francophone_pr,0,147,0.5,444285.46,aci_equal
2019,NT,high_quality_student,0,0,0.5,99711.36,aci_equal
2019,NT,high_wage_worker,80,0,,412526.93,aci_equal
2019,NT,in_canada_transition,50,0,,237641.37,aci_equal
2019,NT,low_quality_student,10,0,,-211205.93,aci_equal
2019,NT,low_wage_worker,5,0,,-180555.42,aci_equal
2019,NT,refugee,0,2034,0.5,-439889.84,aci_equal
2019,NU,family_class,5,0,,-133783.0,aci_equal
2019,NU,francophone_pr,0,147,0.5,444285.46,aci_equal
2019,NU,high_quality_student,0,0,0.5,99711.36,aci_equal
2019,NU,high_wage_worker,20,0,,412526.93,aci_equal
2019,NU,in_canada_transition,5,0,,237641.37,aci_equal
2019,NU,low_quality_student,0,0,0.5,-211205.93,aci_equal
2019,NU,low_wage_worker,0,0,0.5,-180555.42,aci_equal
2019,NU,refugee,0,2034,0.5,-439889.84,aci_equal
2019,ON,family_class,42565,0,0.4021,-133783.0,aci_equal
2019,ON,francophone_pr,0,147,0.5,444285.46,aci_equal
2019,ON,high_quality_student,149250,0,0.4021,99711.36,aci_equal
2019,ON,high_wage_worker,172755,0,0.4021,412526.93,aci_equal
2019,ON,in_canada_transition,32230,0,0.4021,237641.37,aci_equal
2019,ON,low_quality_student,54790,0,0.4021,-211205.93,aci_equal
2019,ON,low_wage_worker,39535,0,0.4021,-180555.42,aci_equal
2019,ON,refugee,28640,2034,0.4021,-439889.84,aci_equal
2019,PE,family_class,105,0,,-133783.0,aci_equal
2019,PE,francophone_pr,0,147,0.5,444285.46,aci_equal
2019,PE,high_quality_student,1275,0,,99711.36,aci_equal
2019,PE,high_wage_worker,1745,0,,412526.93,aci_equal
2019,PE,in_canada_transition,2115,0,,237641.37,aci_equal
2019,PE,low_quality_student,655,0,,-211205.93,aci_equal
2019,PE,low_wage_worker,1075,0,,-180555.42,aci_equal
2019,PE,refugee,55,2034,,-439889.84,aci_equal
2019,QC,family_class,9650,0,0.4475,-133783.0,aci_equal
2019,QC,francophone_pr,3834,147,0.4475,444285.46,aci_equal
2019,QC,high_quality_student,45845,0,0.4475,99711.36,aci_equal
2019,QC,high_wage_worker,76705,0,0.4475,412526.93,aci_equal
2019,QC,in_canada_transition,0,0,0.5,237641.37,aci_equal
2019,QC,low_quality_student,12770,0,0.4475,-211205.93,aci_equal
2019,QC,low_wage_worker,24360,0,0.4475,-180555.42,aci_equal
2019,QC,refugee,7750,2034,0.4475,-439889.84,aci_equal
2019,SK,family_class,2440,0,0.4707,-133783.0,aci_equal
2019,SK,francophone_pr,0,147,0.5,444285.46,aci_equal
2019,SK,high_quality_student,4755,0,0.4707,99711.36,aci_equal
2019,SK,high_wage_worker,6680,0,0.4707,412526.93,aci_equal
2019,SK,in_canada_transition,11430,0,0.4707,237641.37,aci_equal
2019,SK,low_quality_student,1650,0,0.4707,-211205.93,aci_equal
2019,SK,low_wage_worker,1015,0,0.4707,-180555.42,aci_equal
2019,SK,refugee,1230,2034,0.4707,-439889.84,aci_equal
2019,YT,family_class,75,0,,-133783.0,aci_equal
2019,YT,francophone_pr,0,147,0.5,444285.46,aci_equal
2019,YT,high_quality_student,75,0,,99711.36,aci_equal
2019,YT,high_wage_worker,530,0,,412526.93,aci_equal
2019,YT,in_canada_transition,265,0,,237641.37,aci_equal
2019,YT,low_quality_student,15,0,,-211205.93,aci_equal
2019,YT,low_wage_worker,100,0,,-180555.42,aci_equal
2019,YT,refugee,5,2034,,-439889.84,aci_equal
2020,AB,family_class,7530,48975,0.4234,-133783.0,aci_equal
2020,AB,francophone_pr,0,1511,0.5,444285.46,aci_equal
2020,AB,high_quality_student,9220,203840,0.4234,99711.36,aci_equal
2020,AB,high_wage_worker,20285,281680,0.4234,412526.93,aci_equal
2020,AB,in_canada_transition,9660,65310,0.4234,237641.37,aci_equal
2020,AB,low_quality_student,4305,67885,0.4234,-211205.93,aci_equal
2020,AB,low_wage_worker,7305,89910,0.4234,-180555.42,aci_equal
2020,AB,refugee,3025,15559,0.4234,-439889.84,aci_equal
2020,BC,family_class,8015,0,0.3438,-133783.0,aci_equal
2020,BC,francophone_pr,0,116,0.5,444285.46,aci_equal
2020,BC,high_quality_student,44450,0,0.3438,99711.36,aci_equal
2020,BC,high_wage_worker,50850,0,0.3438,412526.93,aci_equal
2020,BC,in_canada_transition,13925,0,0.3438,237641.37,aci_equal
2020,BC,low_quality_student,18175,0,0.3438,-211205.93,aci_equal
2020,BC,low_wage_worker,20845,0,0.3438,-180555.42,aci_equal
2020,BC,refugee,2040,1197,0.3438,-439889.84,aci_equal
2020,MB,family_class,1475,0,0.3755,-133783.0,aci_equal
2020,MB,francophone_pr,0,116,0.5,444285.46,aci_equal
2020,MB,high_quality_student,7295,0,0.3755,99711.36,aci_equal
2020,MB,high_wage_worker,11325,0,0.3755,412526.93,aci_equal
2020,MB,in_canada_transition,6170,0,0.3755,237641.37,aci_equal
2020,MB,low_quality_student,1885,0,0.3755,-211205.93,aci_equal
2020,MB,low_wage_worker,965,0,0.3755,-180555.42,aci_equal
2020,MB,refugee,565,1197,0.3755,-439889.84,aci_equal
2020,NB,family_class,220,0,0.3514,-133783.0,aci_equal
2020,NB,francophone_pr,0,116,0.5,444285.46,aci_equal
2020,NB,high_quality_student,1705,0,0.3514,99711.36,aci_equal
2020,NB,high_wage_worker,3110,0,0.3514,412526.93,aci_equal
2020,NB,in_canada_transition,2190,0,0.3514,237641.37,aci_equal
2020,NB,low_quality_student,630,0,0.3514,-211205.93,aci_equal
2020,NB,low_wage_worker,1645,0,0.3514,-180555.42,aci_equal
2020,NB,refugee,255,1197,0.3514,-439889.84,aci_equal
2020,NL,family_class,115,0,0.4022,-133783.0,aci_equal
2020,NL,francophone_pr,0,116,0.5,444285.46,aci_equal
2020,NL,high_quality_student,1250,0,0.4022,99711.36,aci_equal
2020,NL,high_wage_worker,1265,0,0.4022,412526.93,aci_equal
2020,NL,in_canada_transition,565,0,0.4022,237641.37,aci_equal
2020,NL,low_quality_student,190,0,0.4022,-211205.93,aci_equal
2020,NL,low_wage_worker,415,0,0.4022,-180555.42,aci_equal
2020,NL,refugee,105,1197,0.4022,-439889.84,aci_equal
2020,NS,family_class,450,0,0.3144,-133783.0,aci_equal
2020,NS,francophone_pr,0,116,0.5,444285.46,aci_equal
2020,NS,high_quality_student,3840,0,0.3144,99711.36,aci_equal
2020,NS,high_wage_worker,6205,0,0.3144,412526.93,aci_equal
2020,NS,in_canada_transition,2530,0,0.3144,237641.37,aci_equal
2020,NS,low_quality_student,1450,0,0.3144,-211205.93,aci_equal
2020,NS,low_wage_worker,2105,0,0.3144,-180555.42,aci_equal
2020,NS,refugee,325,1197,0.3144,-439889.84,aci_equal
2020,NT,family_class,20,0,,-133783.0,aci_equal
2020,NT,francophone_pr,0,116,0.5,444285.46,aci_equal
2020,NT,high_quality_student,0,0,0.5,99711.36,aci_equal
2020,NT,high_wage_worker,50,0,,412526.93,aci_equal
2020,NT,in_canada_transition,45,0,,237641.37,aci_equal
2020,NT,low_quality_student,0,0,0.5,-211205.93,aci_equal
2020,NT,low_wage_worker,0,0,0.5,-180555.42,aci_equal
2020,NT,refugee,0,1197,0.5,-439889.84,aci_equal
2020,ON,family_class,22220,0,0.4054,-133783.0,aci_equal
2020,ON,francophone_pr,0,116,0.5,444285.46,aci_equal
2020,ON,high_quality_student,97490,0,0.4054,99711.36,aci_equal
2020,ON,high_wage_worker,125575,0,0.4054,412526.93,aci_equal
2020,ON,in_canada_transition,23385,0,0.4054,237641.37,aci_equal
2020,ON,low_quality_student,29600,0,0.4054,-211205.93,aci_equal
2020,ON,low_wage_worker,31830,0,0.4054,-180555.42,aci_equal
2020,ON,refugee,17285,1197,0.4054,-439889.84,aci_equal
2020,PE,family_class,35,0,,-133783.0,aci_equal
2020,PE,francophone_pr,0,116,0.5,444285.46,aci_equal
2020,PE,high_quality_student,760,0,,99711.36,aci_equal
2020,PE,high_wage_worker,1365,0,,412526.93,aci_equal
2020,PE,in_canada_transition,1140,0,,237641.37,aci_equal
2020,PE,low_quality_student,555,0,,-211205.93,aci_equal
2020,PE,low_wage_worker,1010,0,,-180555.42,aci_equal
2020,PE,refugee,45,1197,,-439889.84,aci_equal
2020,QC,family_class,7755,0,0.3992,-133783.0,aci_equal
2020,QC,francophone_pr,2790,116,0.3992,444285.46,aci_equal
2020,QC,high_quality_student,35110,0,0.3992,99711.36,aci_equal
2020,QC,high_wage_worker,55820,0,0.3992,412526.93,aci_equal
2020,QC,in_canada_transition,0,0,0.5,237641.37,aci_equal
2020,QC,low_quality_student,10040,0,0.3992,-211205.93,aci_equal
2020,QC,low_wage_worker,23155,0,0.3992,-180555.42,aci_equal
2020,QC,refugee,4670,1197,0.3992,-439889.84,aci_equal
2020,SK,family_class,1135,0,0.5167,-133783.0,aci_equal
2020,SK,francophone_pr,0,116,0.5,444285.46,aci_equal
2020,SK,high_quality_student,2650,0,0.5167,99711.36,aci_equal
2020,SK,high_wage_worker,5375,0,0.5167,412526.93,aci_equal
2020,SK,in_canada_transition,5610,0,0.5167,237641.37,aci_equal
2020,SK,low_quality_student,1030,0,0.5167,-211205.93,aci_equal
2020,SK,low_wage_worker,570,0,0.5167,-180555.42,aci_equal
2020,SK,refugee,410,1197,0.5167,-439889.84,aci_equal
2020,YT,family_class,5,0,,-133783.0,aci_equal
2020,YT,francophone_pr,0,116,0.5,444285.46,aci_equal
2020,YT,high_quality_student,70,0,,99711.36,aci_equal
2020,YT,high_wage_worker,455,0,,412526.93,aci_equal
2020,YT,in_canada_transition,90,0,,237641.37,aci_equal
2020,YT,low_quality_student,25,0,,-211205.93,aci_equal
2020,YT,low_wage_worker,65,0,,-180555.42,aci_equal
2020,YT,refugee,0,1197,0.5,-439889.84,aci_equal
2021,AB,family_class,10920,81130,0.4849,-133783.0,aci_equal
2021,AB,francophone_pr,0,2158,0.5,444285.46,aci_equal
2021,AB,high_quality_student,18095,356800,0.4849,99711.36,aci_equal
2021,AB,high_wage_worker,23510,339320,0.4849,412526.93,aci_equal
2021,AB,in_canada_transition,18875,213720,0.4849,237641.37,aci_equal
2021,AB,low_quality_student,6325,102675,0.4849,-211205.93,aci_equal
2021,AB,low_wage_worker,9625,138305,0.4849,-180555.42,aci_equal
2021,AB,refugee,8090,38446,0.4849,-439889.84,aci_equal
2021,BC,family_class,14275,0,0.4169,-133783.0,aci_equal
2021,BC,francophone_pr,0,154,0.5,444285.46,aci_equal
2021,BC,high_quality_student,67120,0,0.4169,99711.36,aci_equal
2021,BC,high_wage_worker,62425,0,0.4169,412526.93,aci_equal
2021,BC,in_canada_transition,46740,0,0.4169,237641.37,aci_equal
2021,BC,low_quality_student,30635,0,0.4169,-211205.93,aci_equal
2021,BC,low_wage_worker,30030,0,0.4169,-180555.42,aci_equal
2021,BC,refugee,5830,2746,0.4169,-439889.84,aci_equal
2021,MB,family_class,2330,0,0.4478,-133783.0,aci_equal
2021,MB,francophone_pr,0,154,0.5,444285.46,aci_equal
2021,MB,high_quality_student,9915,0,0.4478,99711.36,aci_equal
2021,MB,high_wage_worker,11405,0,0.4478,412526.93,aci_equal
2021,MB,in_canada_transition,12610,0,0.4478,237641.37,aci_equal
2021,MB,low_quality_student,3430,0,0.4478,-211205.93,aci_equal
2021,MB,low_wage_worker,3220,0,0.4478,-180555.42,aci_equal
2021,MB,refugee,1400,2746,0.4478,-439889.84,aci_equal
2021,NB,family_class,365,0,0.3145,-133783.0,aci_equal
2021,NB,francophone_pr,0,154,0.5,444285.46,aci_equal
2021,NB,high_quality_student,4390,0,0.3145,99711.36,aci_equal
2021,NB,high_wage_worker,4185,0,0.3145,412526.93,aci_equal
2021,NB,in_canada_transition,4465,0,0.3145,237641.37,aci_equal
2021,NB,low_quality_student,1675,0,0.3145,-211205.93,aci_equal
2021,NB,low_wage_worker,3225,0,0.3145,-180555.42,aci_equal
2021,NB,refugee,360,2746,0.3145,-439889.84,aci_equal
2021,NL,family_class,145,0,0.3723,-133783.0,aci_equal
2021,NL,francophone_pr,0,154,0.5,444285.46,aci_equal
2021,NL,high_quality_student,2795,0,0.3723,99711.36,aci_equal
2021,NL,high_wage_worker,1645,0,0.3723,412526.93,aci_equal
2021,NL,in_canada_transition,1300,0,0.3723,237641.37,aci_equal
2021,NL,low_quality_student,575,0,0.3723,-211205.93,aci_equal
2021,NL,low_wage_worker,685,0,0.3723,-180555.42,aci_equal
2021,NL,refugee,510,2746,0.3723,-439889.84,aci_equal
2021,NS,family_class,695,0,0.3445,-133783.0,aci_equal
2021,NS,francophone_pr,0,154,0.5,444285.46,aci_equal
2021,NS,high_quality_student,7940,0,0.3445,99711.36,aci_equal
2021,NS,high_wage_worker,7015,0,0.3445,412526.93,aci_equal
2021,NS,in_canada_transition,7540,0,0.3445,237641.37,aci_equal
2021,NS,low_quality_student,2290,0,0.3445,-211205.93,aci_equal
2021,NS,low_wage_worker,3355,0,0.3445,-180555.42,aci_equal
2021,NS,refugee,795,2746,0.3445,-439889.84,aci_equal
2021,NT,family_class,55,0,,-133783.0,aci_equal
2021,NT,francophone_pr,0,154,0.5,444285.46,aci_equal
2021,NT,high_quality_student,0,0,0.5,99711.36,aci_equal
2021,NT,high_wage_worker,55,0,,412526.93,aci_equal
2021,NT,in_canada_transition,180,0,,237641.37,aci_equal
2021,NT,low_quality_student,0,0,0.5,-211205.93,aci_equal
2021,NT,low_wage_worker,10,0,,-180555.42,aci_equal
2021,NT,refugee,5,2746,,-439889.84,aci_equal
2021,NU,family_class,0,0,0.5,-133783.0,aci_equal
2021,NU,francophone_pr,0,154,0.5,444285.46,aci_equal
2021,NU,high_quality_student,0,0,0.5,99711.36,aci_equal
2021,NU,high_wage_worker,0,0,0.5,412526.93,aci_equal
2021,NU,in_canada_transition,0,0,0.5,237641.37,aci_equal
2021,NU,low_quality_student,0,0,0.5,-211205.93,aci_equal
2021,NU,low_wage_worker,25,0,,-180555.42,aci_equal
2021,NU,refugee,0,2746,0.5,-439889.84,aci_equal
2021,ON,family_class,36680,0,0.3912,-133783.0,aci_equal
2021,ON,francophone_pr,0,154,0.5,444285.46,aci_equal
2021,ON,high_quality_student,186605,0,0.3912,99711.36,aci_equal
2021,ON,high_wage_worker,140275,0,0.3912,412526.93,aci_equal
2021,ON,in_canada_transition,111020,0,0.3912,237641.37,aci_equal
2021,ON,low_quality_student,42430,0,0.3912,-211205.93,aci_equal
2021,ON,low_wage_worker,49630,0,0.3912,-180555.42,aci_equal
2021,ON,refugee,43805,2746,0.3912,-439889.84,aci_equal
2021,PE,family_class,110,0,,-133783.0,aci_equal
2021,PE,francophone_pr,0,154,0.5,444285.46,aci_equal
2021,PE,high_quality_student,1240,0,,99711.36,aci_equal
2021,PE,high_wage_worker,1900,0,,412526.93,aci_equal
2021,PE,in_canada_transition,2390,0,,237641.37,aci_equal
2021,PE,low_quality_student,690,0,,-211205.93,aci_equal
2021,PE,low_wage_worker,1635,0,,-180555.42,aci_equal
2021,PE,refugee,50,2746,,-439889.84,aci_equal
2021,QC,family_class,13870,0,0.4315,-133783.0,aci_equal
2021,QC,francophone_pr,4008,154,0.4315,444285.46,aci_equal
2021,QC,high_quality_student,53625,0,0.4315,99711.36,aci_equal
2021,QC,high_wage_worker,80170,0,0.4315,412526.93,aci_equal
2021,QC,in_canada_transition,0,0,0.5,237641.37,aci_equal
2021,QC,low_quality_student,12900,0,0.4315,-211205.93,aci_equal
2021,QC,low_wage_worker,35220,0,0.4315,-180555.42,aci_equal
2021,QC,refugee,9540,2746,0.4315,-439889.84,aci_equal
2021,SK,family_class,1645,0,0.5191,-133783.0,aci_equal
2021,SK,francophone_pr,0,154,0.5,444285.46,aci_equal
2021,SK,high_quality_student,4965,0,0.5191,99711.36,aci_equal
2021,SK,high_wage_worker,6255,0,0.5191,412526.93,aci_equal
2021,SK,in_canada_transition,8115,0,0.5191,237641.37,aci_equal
2021,SK,low_quality_student,1650,0,0.5191,-211205.93,aci_equal
2021,SK,low_wage_worker,1520,0,0.5191,-180555.42,aci_equal
2021,SK,refugee,1010,2746,0.5191,-439889.84,aci_equal
2021,YT,family_class,40,0,,-133783.0,aci_equal
2021,YT,francophone_pr,0,154,0.5,444285.46,aci_equal
2021,YT,high_quality_student,110,0,,99711.36,aci_equal
2021,YT,high_wage_worker,480,0,,412526.93,aci_equal
2021,YT,in_canada_transition,485,0,,237641.37,aci_equal
2021,YT,low_quality_student,75,0,,-211205.93,aci_equal
2021,YT,low_wage_worker,125,0,,-180555.42,aci_equal
2021,YT,refugee,5,2746,,-439889.84,aci_equal
2022,AB,family_class,14110,97095,0.4112,-133783.0,aci_equal
2022,AB,francophone_pr,0,2792,0.5,444285.46,aci_equal
2022,AB,high_quality_student,20475,437715,0.4112,99711.36,aci_equal
2022,AB,high_wage_worker,29615,435510,0.4112,412526.93,aci_equal
2022,AB,in_canada_transition,16835,162085,0.4112,237641.37,aci_equal
2022,AB,low_quality_student,8970,126355,0.4112,-211205.93,aci_equal
2022,AB,low_wage_worker,28655,242145,0.4112,-180555.42,aci_equal
2022,AB,refugee,13435,45390,0.4112,-439889.84,aci_equal
2022,BC,family_class,16480,0,0.4504,-133783.0,aci_equal
2022,BC,francophone_pr,0,199,0.5,444285.46,aci_equal
2022,BC,high_quality_student,80050,0,0.4504,99711.36,aci_equal
2022,BC,high_wage_worker,77875,0,0.4504,412526.93,aci_equal
2022,BC,in_canada_transition,29030,0,0.4504,237641.37,aci_equal
2022,BC,low_quality_student,34290,0,0.4504,-211205.93,aci_equal
2022,BC,low_wage_worker,48120,0,0.4504,-180555.42,aci_equal
2022,BC,refugee,7905,3242,0.4504,-439889.84,aci_equal
2022,MB,family_class,2785,0,0.4403,-133783.0,aci_equal
2022,MB,francophone_pr,0,199,0.5,444285.46,aci_equal
2022,MB,high_quality_student,11210,0,0.4403,99711.36,aci_equal
2022,MB,high_wage_worker,11355,0,0.4403,412526.93,aci_equal
2022,MB,in_canada_transition,15980,0,0.4403,237641.37,aci_equal
2022,MB,low_quality_student,4345,0,0.4403,-211205.93,aci_equal
2022,MB,low_wage_worker,11350,0,0.4403,-180555.42,aci_equal
2022,MB,refugee,2235,3242,0.4403,-439889.84,aci_equal
2022,NB,family_class,480,0,0.3385,-133783.0,aci_equal
2022,NB,francophone_pr,0,199,0.5,444285.46,aci_equal
2022,NB,high_quality_student,5635,0,0.3385,99711.36,aci_equal
2022,NB,high_wage_worker,4975,0,0.3385,412526.93,aci_equal
2022,NB,in_canada_transition,8015,0,0.3385,237641.37,aci_equal
2022,NB,low_quality_student,2215,0,0.3385,-211205.93,aci_equal
2022,NB,low_wage_worker,5705,0,0.3385,-180555.42,aci_equal
2022,NB,refugee,1280,3242,0.3385,-439889.84,aci_equal
2022,NL,family_class,180,0,0.3633,-133783.0,aci_equal
2022,NL,francophone_pr,0,199,0.5,444285.46,aci_equal
2022,NL,high_quality_student,3100,0,0.3633,99711.36,aci_equal
2022,NL,high_wage_worker,2130,0,0.3633,412526.93,aci_equal
2022,NL,in_canada_transition,2305,0,0.3633,237641.37,aci_equal
2022,NL,low_quality_student,885,0,0.3633,-211205.93,aci_equal
2022,NL,low_wage_worker,2495,0,0.3633,-180555.42,aci_equal
2022,NL,refugee,875,3242,0.3633,-439889.84,aci_equal
2022,NS,family_class,1035,0,0.3141,-133783.0,aci_equal
2022,NS,francophone_pr,0,199,0.5,444285.46,aci_equal
2022,NS,high_quality_student,9915,0,0.3141,99711.36,aci_equal
2022,NS,high_wage_worker,8185,0,0.3141,412526.93,aci_equal
2022,NS,in_canada_transition,9895,0,0.3141,237641.37,aci_equal
2022,NS,low_quality_student,3565,0,0.3141,-211205.93,aci_equal
2022,NS,low_wage_worker,5645,0,0.3141,-180555.42,aci_equal
2022,NS,refugee,1390,3242,0.3141,-439889.84,aci_equal
2022,NT,family_class,30,0,,-133783.0,aci_equal
2022,NT,francophone_pr,0,199,0.5,444285.46,aci_equal
2022,NT,high_quality_student,0,0,0.5,99711.36,aci_equal
2022,NT,high_wage_worker,50,0,,412526.93,aci_equal
2022,NT,in_canada_transition,110,0,,237641.37,aci_equal
2022,NT,low_quality_student,10,0,,-211205.93,aci_equal
2022,NT,low_wage_worker,60,0,,-180555.42,aci_equal
2022,NT,refugee,0,3242,0.5,-439889.84,aci_equal
2022,NU,family_class,0,0,0.5,-133783.0,aci_equal
2022,NU,francophone_pr,0,199,0.5,444285.46,aci_equal
2022,NU,high_quality_student,0,0,0.5,99711.36,aci_equal
2022,NU,high_wage_worker,10,0,,412526.93,aci_equal
2022,NU,in_canada_transition,0,0,0.5,237641.37,aci_equal
2022,NU,low_quality_student,0,0,0.5,-211205.93,aci_equal
2022,NU,low_wage_worker,10,0,,-180555.42,aci_equal
2022,NU,refugee,0,3242,0.5,-439889.84,aci_equal
2022,ON,family_class,46735,0,0.3848,-133783.0,aci_equal
2022,ON,francophone_pr,0,199,0.5,444285.46,aci_equal
2022,ON,high_quality_student,247135,0,0.3848,99711.36,aci_equal
2022,ON,high_wage_worker,187325,0,0.3848,412526.93,aci_equal
2022,ON,in_canada_transition,60190,0,0.3848,237641.37,aci_equal
2022,ON,low_quality_student,55035,0,0.3848,-211205.93,aci_equal
2022,ON,low_wage_worker,86490,0,0.3848,-180555.42,aci_equal
2022,ON,refugee,44890,3242,0.3848,-439889.84,aci_equal
2022,PE,family_class,135,0,,-133783.0,aci_equal
2022,PE,francophone_pr,0,199,0.5,444285.46,aci_equal
2022,PE,high_quality_student,1630,0,,99711.36,aci_equal
2022,PE,high_wage_worker,2350,0,,412526.93,aci_equal
2022,PE,in_canada_transition,2360,0,,237641.37,aci_equal
2022,PE,low_quality_student,840,0,,-211205.93,aci_equal
2022,PE,low_wage_worker,1705,0,,-180555.42,aci_equal
2022,PE,refugee,70,3242,,-439889.84,aci_equal
2022,QC,family_class,12910,0,0.4052,-133783.0,aci_equal
2022,QC,francophone_pr,5186,199,0.4052,444285.46,aci_equal
2022,QC,high_quality_student,52205,0,0.4052,99711.36,aci_equal
2022,QC,high_wage_worker,103740,0,0.4052,412526.93,aci_equal
2022,QC,in_canada_transition,0,0,0.5,237641.37,aci_equal
2022,QC,low_quality_student,13695,0,0.4052,-211205.93,aci_equal
2022,QC,low_wage_worker,47740,0,0.4052,-180555.42,aci_equal
2022,QC,refugee,10245,3242,0.4052,-439889.84,aci_equal
2022,SK,family_class,2155,0,0.4535,-133783.0,aci_equal
2022,SK,francophone_pr,0,199,0.5,444285.46,aci_equal
2022,SK,high_quality_student,6295,0,0.4535,99711.36,aci_equal
2022,SK,high_wage_worker,7360,0,0.4535,412526.93,aci_equal
2022,SK,in_canada_transition,17050,0,0.4535,237641.37,aci_equal
2022,SK,low_quality_student,2415,0,0.4535,-211205.93,aci_equal
2022,SK,low_wage_worker,4050,0,0.4535,-180555.42,aci_equal
2022,SK,refugee,1965,3242,0.4535,-439889.84,aci_equal
2022,YT,family_class,60,0,,-133783.0,aci_equal
2022,YT,francophone_pr,0,199,0.5,444285.46,aci_equal
2022,YT,high_quality_student,65,0,,99711.36,aci_equal
2022,YT,high_wage_worker,540,0,,412526.93,aci_equal
2022,YT,in_canada_transition,315,0,,237641.37,aci_equal
2022,YT,low_quality_student,90,0,,-211205.93,aci_equal
2022,YT,low_wage_worker,120,0,,-180555.42,aci_equal
2022,YT,refugee,5,3242,,-439889.84,aci_equal
2023,AB,family_class,17030,109490,0.3527,-133783.0,aci_equal
2023,AB,francophone_pr,0,2889,0.5,444285.46,aci_equal
2023,AB,high_quality_student,28985,534735,0.3527,99711.36,aci_equal
2023,AB,high_wage_worker,47030,614700,0.3527,412526.93,aci_equal
2023,AB,in_canada_transition,20445,193200,0.3527,237641.37,aci_equal
2023,AB,low_quality_student,14205,161800,0.3527,-211205.93,aci_equal
2023,AB,low_wage_worker,49685,376190,0.3527,-180555.42,aci_equal
2023,AB,refugee,15480,47972,0.3527,-439889.84,aci_equal
2023,BC,family_class,18080,0,0.4152,-133783.0,aci_equal
2023,BC,francophone_pr,0,206,0.5,444285.46,aci_equal
2023,BC,high_quality_student,93895,0,0.4152,99711.36,aci_equal
2023,BC,high_wage_worker,104555,0,0.4152,412526.93,aci_equal
2023,BC,in_canada_transition,35725,0,0.4152,237641.37,aci_equal
2023,BC,low_quality_student,36875,0,0.4152,-211205.93,aci_equal
2023,BC,low_wage_worker,71565,0,0.4152,-180555.42,aci_equal
2023,BC,refugee,10050,3427,0.4152,-439889.84,aci_equal
2023,MB,family_class,3425,0,0.3674,-133783.0,aci_equal
2023,MB,francophone_pr,0,206,0.5,444285.46,aci_equal
2023,MB,high_quality_student,14185,0,0.3674,99711.36,aci_equal
2023,MB,high_wage_worker,17880,0,0.3674,412526.93,aci_equal
2023,MB,in_canada_transition,17640,0,0.3674,237641.37,aci_equal
2023,MB,low_quality_student,5870,0,0.3674,-211205.93,aci_equal
2023,MB,low_wage_worker,17435,0,0.3674,-180555.42,aci_equal
2023,MB,refugee,3200,3427,0.3674,-439889.84,aci_equal
2023,NB,family_class,585,0,0.3148,-133783.0,aci_equal
2023,NB,francophone_pr,0,206,0.5,444285.46,aci_equal
2023,NB,high_quality_student,7910,0,0.3148,99711.36,aci_equal
2023,NB,high_wage_worker,9965,0,0.3148,412526.93,aci_equal
2023,NB,in_canada_transition,8855,0,0.3148,237641.37,aci_equal
2023,NB,low_quality_student,3285,0,0.3148,-211205.93,aci_equal
2023,NB,low_wage_worker,7175,0,0.3148,-180555.42,aci_equal
2023,NB,refugee,1305,3427,0.3148,-439889.84,aci_equal
2023,NL,family_class,250,0,0.2421,-133783.0,aci_equal
2023,NL,francophone_pr,0,206,0.5,444285.46,aci_equal
2023,NL,high_quality_student,3295,0,0.2421,99711.36,aci_equal
2023,NL,high_wage_worker,3145,0,0.2421,412526.93,aci_equal
2023,NL,in_canada_transition,3960,0,0.2421,237641.37,aci_equal
2023,NL,low_quality_student,955,0,0.2421,-211205.93,aci_equal
2023,NL,low_wage_worker,3135,0,0.2421,-180555.42,aci_equal
2023,NL,refugee,1155,3427,0.2421,-439889.84,aci_equal
2023,NS,family_class,1170,0,0.3638,-133783.0,aci_equal
2023,NS,francophone_pr,0,206,0.5,444285.46,aci_equal
2023,NS,high_quality_student,11685,0,0.3638,99711.36,aci_equal
2023,NS,high_wage_worker,13690,0,0.3638,412526.93,aci_equal
2023,NS,in_canada_transition,8660,0,0.3638,237641.37,aci_equal
2023,NS,low_quality_student,4705,0,0.3638,-211205.93,aci_equal
2023,NS,low_wage_worker,7870,0,0.3638,-180555.42,aci_equal
2023,NS,refugee,1585,3427,0.3638,-439889.84,aci_equal
2023,NT,family_class,50,0,,-133783.0,aci_equal
2023,NT,francophone_pr,0,206,0.5,444285.46,aci_equal
2023,NT,high_quality_student,0,0,0.5,99711.36,aci_equal
2023,NT,high_wage_worker,230,0,,412526.93,aci_equal
2023,NT,in_canada_transition,145,0,,237641.37,aci_equal
2023,NT,low_quality_student,20,0,,-211205.93,aci_equal
2023,NT,low_wage_worker,140,0,,-180555.42,aci_equal
2023,NT,refugee,0,3427,0.5,-439889.84,aci_equal
2023,NU,family_class,0,0,0.5,-133783.0,aci_equal
2023,NU,francophone_pr,0,206,0.5,444285.46,aci_equal
2023,NU,high_quality_student,0,0,0.5,99711.36,aci_equal
2023,NU,high_wage_worker,30,0,,412526.93,aci_equal
2023,NU,in_canada_transition,0,0,0.5,237641.37,aci_equal
2023,NU,low_quality_student,0,0,0.5,-211205.93,aci_equal
2023,NU,low_wage_worker,80,0,,-180555.42,aci_equal
2023,NU,refugee,5,3427,,-439889.84,aci_equal
2023,ON,family_class,56125,0,0.3797,-133783.0,aci_equal
2023,ON,francophone_pr,0,206,0.5,444285.46,aci_equal
2023,ON,high_quality_student,302230,0,0.3797,99711.36,aci_equal
2023,ON,high_wage_worker,294435,0,0.3797,412526.93,aci_equal
2023,ON,in_canada_transition,72885,0,0.3797,237641.37,aci_equal
2023,ON,low_quality_student,71715,0,0.3797,-211205.93,aci_equal
2023,ON,low_wage_worker,135545,0,0.3797,-180555.42,aci_equal
2023,ON,refugee,48290,3427,0.3797,-439889.84,aci_equal
2023,PE,family_class,130,0,,-133783.0,aci_equal
2023,PE,francophone_pr,0,206,0.5,444285.46,aci_equal
2023,PE,high_quality_student,1900,0,,99711.36,aci_equal
2023,PE,high_wage_worker,3265,0,,412526.93,aci_equal
2023,PE,in_canada_transition,3205,0,,237641.37,aci_equal
2023,PE,low_quality_student,1260,0,,-211205.93,aci_equal
2023,PE,low_wage_worker,2285,0,,-180555.42,aci_equal
2023,PE,refugee,165,3427,,-439889.84,aci_equal
2023,QC,family_class,10300,0,0.3655,-133783.0,aci_equal
2023,QC,francophone_pr,5366,206,0.3655,444285.46,aci_equal
2023,QC,high_quality_student,61670,0,0.3655,99711.36,aci_equal
2023,QC,high_wage_worker,107365,0,0.3655,412526.93,aci_equal
2023,QC,in_canada_transition,0,0,0.5,237641.37,aci_equal
2023,QC,low_quality_student,19280,0,0.3655,-211205.93,aci_equal
2023,QC,low_wage_worker,75315,0,0.3655,-180555.42,aci_equal
2023,QC,refugee,6315,3427,0.3655,-439889.84,aci_equal
2023,SK,family_class,2265,0,0.4253,-133783.0,aci_equal
2023,SK,francophone_pr,0,206,0.5,444285.46,aci_equal
2023,SK,high_quality_student,8875,0,0.4253,99711.36,aci_equal
2023,SK,high_wage_worker,12250,0,0.4253,412526.93,aci_equal
2023,SK,in_canada_transition,20970,0,0.4253,237641.37,aci_equal
2023,SK,low_quality_student,3490,0,0.4253,-211205.93,aci_equal
2023,SK,low_wage_worker,5720,0,0.4253,-180555.42,aci_equal
2023,SK,refugee,1530,3427,0.4253,-439889.84,aci_equal
2023,YT,family_class,80,0,,-133783.0,aci_equal
2023,YT,francophone_pr,0,206,0.5,444285.46,aci_equal
2023,YT,high_quality_student,105,0,,99711.36,aci_equal
2023,YT,high_wage_worker,860,0,,412526.93,aci_equal
2023,YT,in_canada_transition,710,0,,237641.37,aci_equal
2023,YT,low_quality_student,140,0,,-211205.93,aci_equal
2023,YT,low_wage_worker,240,0,,-180555.42,aci_equal
2023,YT,refugee,10,3427,,-439889.84,aci_equal
2024,AB,family_class,16840,105740,0.4229,-133783.0,aci_equal
2024,AB,francophone_pr,0,2783,0.5,444285.46,aci_equal
2024,AB,high_quality_student,25935,378075,0.4229,99711.36,aci_equal
2024,AB,high_wage_worker,48775,573990,0.4229,412526.93,aci_equal
2024,AB,in_canada_transition,23360,180780,0.4229,237641.37,aci_equal
2024,AB,low_quality_student,14555,149680,0.4229,-211205.93,aci_equal
2024,AB,low_wage_worker,56460,375290,0.4229,-180555.42,aci_equal
2024,AB,refugee,18460,51555,0.4229,-439889.84,aci_equal
2024,BC,family_class,17455,0,0.4015,-133783.0,aci_equal
2024,BC,francophone_pr,0,199,0.5,444285.46,aci_equal
2024,BC,high_quality_student,71825,0,0.4015,99711.36,aci_equal
2024,BC,high_wage_worker,93605,0,0.4015,412526.93,aci_equal
2024,BC,in_canada_transition,27085,0,0.4015,237641.37,aci_equal
2024,BC,low_quality_student,32445,0,0.4015,-211205.93,aci_equal
2024,BC,low_wage_worker,68050,0,0.4015,-180555.42,aci_equal
2024,BC,refugee,9685,3682,0.4015,-439889.84,aci_equal
2024,MB,family_class,3550,0,,-133783.0,aci_equal
2024,MB,francophone_pr,0,199,0.5,444285.46,aci_equal
2024,MB,high_quality_student,10625,0,,99711.36,aci_equal
2024,MB,high_wage_worker,16525,0,,412526.93,aci_equal
2024,MB,in_canada_transition,15870,0,,237641.37,aci_equal
2024,MB,low_quality_student,5215,0,,-211205.93,aci_equal
2024,MB,low_wage_worker,16815,0,,-180555.42,aci_equal
2024,MB,refugee,3600,3682,,-439889.84,aci_equal
2024,NB,family_class,760,0,0.3814,-133783.0,aci_equal
2024,NB,francophone_pr,0,199,0.5,444285.46,aci_equal
2024,NB,high_quality_student,5365,0,0.3814,99711.36,aci_equal
2024,NB,high_wage_worker,11580,0,0.3814,412526.93,aci_equal
2024,NB,in_canada_transition,11395,0,0.3814,237641.37,aci_equal
2024,NB,low_quality_student,2945,0,0.3814,-211205.93,aci_equal
2024,NB,low_wage_worker,6240,0,0.3814,-180555.42,aci_equal
2024,NB,refugee,1045,3682,0.3814,-439889.84,aci_equal
2024,NL,family_class,275,0,0.4176,-133783.0,aci_equal
2024,NL,francophone_pr,0,199,0.5,444285.46,aci_equal
2024,NL,high_quality_student,2270,0,0.4176,99711.36,aci_equal
2024,NL,high_wage_worker,4075,0,0.4176,412526.93,aci_equal
2024,NL,in_canada_transition,4460,0,0.4176,237641.37,aci_equal
2024,NL,low_quality_student,1200,0,0.4176,-211205.93,aci_equal
2024,NL,low_wage_worker,3845,0,0.4176,-180555.42,aci_equal
2024,NL,refugee,785,3682,0.4176,-439889.84,aci_equal
2024,NS,family_class,1205,0,0.3551,-133783.0,aci_equal
2024,NS,francophone_pr,0,199,0.5,444285.46,aci_equal
2024,NS,high_quality_student,7195,0,0.3551,99711.36,aci_equal
2024,NS,high_wage_worker,13260,0,0.3551,412526.93,aci_equal
2024,NS,in_canada_transition,11185,0,0.3551,237641.37,aci_equal
2024,NS,low_quality_student,3980,0,0.3551,-211205.93,aci_equal
2024,NS,low_wage_worker,6985,0,0.3551,-180555.42,aci_equal
2024,NS,refugee,1350,3682,0.3551,-439889.84,aci_equal
2024,NT,family_class,75,0,,-133783.0,aci_equal
2024,NT,francophone_pr,0,199,0.5,444285.46,aci_equal
2024,NT,high_quality_student,20,0,,99711.36,aci_equal
2024,NT,high_wage_worker,195,0,,412526.93,aci_equal
2024,NT,in_canada_transition,235,0,,237641.37,aci_equal
2024,NT,low_quality_student,30,0,,-211205.93,aci_equal
2024,NT,low_wage_worker,135,0,,-180555.42,aci_equal
2024,NT,refugee,20,3682,,-439889.84,aci_equal
2024,NU,family_class,20,0,,-133783.0,aci_equal
2024,NU,francophone_pr,0,199,0.5,444285.46,aci_equal
2024,NU,high_quality_student,0,0,0.5,99711.36,aci_equal
2024,NU,high_wage_worker,0,0,0.5,412526.93,aci_equal
2024,NU,in_canada_transition,0,0,0.5,237641.37,aci_equal
2024,NU,low_quality_student,5,0,,-211205.93,aci_equal
2024,NU,low_wage_worker,65,0,,-180555.42,aci_equal
2024,NU,refugee,0,3682,0.5,-439889.84,aci_equal
2024,ON,family_class,52670,0,0.3478,-133783.0,aci_equal
2024,ON,francophone_pr,0,199,0.5,444285.46,aci_equal
2024,ON,high_quality_student,196680,0,0.3478,99711.36,aci_equal
2024,ON,high_wage_worker,267450,0,0.3478,412526.93,aci_equal
2024,ON,in_canada_transition,64335,0,0.3478,237641.37,aci_equal
2024,ON,low_quality_student,60560,0,0.3478,-211205.93,aci_equal
2024,ON,low_wage_worker,128115,0,0.3478,-180555.42,aci_equal
2024,ON,refugee,51075,3682,0.3478,-439889.84,aci_equal
2024,PE,family_class,180,0,,-133783.0,aci_equal
2024,PE,francophone_pr,0,199,0.5,444285.46,aci_equal
2024,PE,high_quality_student,1140,0,,99711.36,aci_equal
2024,PE,high_wage_worker,2660,0,,412526.93,aci_equal
2024,PE,in_canada_transition,3570,0,,237641.37,aci_equal
2024,PE,low_quality_student,1080,0,,-211205.93,aci_equal
2024,PE,low_wage_worker,1875,0,,-180555.42,aci_equal
2024,PE,refugee,105,3682,,-439889.84,aci_equal
2024,QC,family_class,10390,0,0.4407,-133783.0,aci_equal
2024,QC,francophone_pr,5168,199,0.4407,444285.46,aci_equal
2024,QC,high_quality_student,50770,0,0.4407,99711.36,aci_equal
2024,QC,high_wage_worker,103395,0,0.4407,412526.93,aci_equal
2024,QC,in_canada_transition,0,0,0.5,237641.37,aci_equal
2024,QC,low_quality_student,24055,0,0.4407,-211205.93,aci_equal
2024,QC,low_wage_worker,79550,0,0.4407,-180555.42,aci_equal
2024,QC,refugee,7840,3682,0.4407,-439889.84,aci_equal
2024,SK,family_class,2250,0,0.3865,-133783.0,aci_equal
2024,SK,francophone_pr,0,199,0.5,444285.46,aci_equal
2024,SK,high_quality_student,6150,0,0.3865,99711.36,aci_equal
2024,SK,high_wage_worker,11770,0,0.3865,412526.93,aci_equal
2024,SK,in_canada_transition,18505,0,0.3865,237641.37,aci_equal
2024,SK,low_quality_student,3515,0,0.3865,-211205.93,aci_equal
2024,SK,low_wage_worker,6905,0,0.3865,-180555.42,aci_equal
2024,SK,refugee,1780,3682,0.3865,-439889.84,aci_equal
2024,YT,family_class,70,0,,-133783.0,aci_equal
2024,YT,francophone_pr,0,199,0.5,444285.46,aci_equal
2024,YT,high_quality_student,100,0,,99711.36,aci_equal
2024,YT,high_wage_worker,700,0,,412526.93,aci_equal
2024,YT,in_canada_transition,780,0,,237641.37,aci_equal
2024,YT,low_quality_student,95,0,,-211205.93,aci_equal
2024,YT,low_wage_worker,250,0,,-180555.42,aci_equal
2024,YT,refugee,0,3682,0.5,-439889.84,aci_equal
2025,AB,family_class,15735,95930,,-133783.0,aci_equal
2025,AB,francophone_pr,0,2473,0.5,444285.46,aci_equal
2025,AB,high_quality_student,18040,256235,,99711.36,aci_equal
2025,AB,high_wage_worker,43555,484035,,412526.93,aci_equal
2025,AB,in_canada_transition,16175,147025,,237641.37,aci_equal
2025,AB,low_quality_student,17415,144175,,-211205.93,aci_equal
2025,AB,low_wage_worker,41540,294670,,-180555.42,aci_equal
2025,AB,refugee,13995,37167,,-439889.84,aci_equal
2025,BC,family_class,15190,0,,-133783.0,aci_equal
2025,BC,francophone_pr,0,177,0.5,444285.46,aci_equal
2025,BC,high_quality_student,51070,0,,99711.36,aci_equal
2025,BC,high_wage_worker,76790,0,,412526.93,aci_equal
2025,BC,in_canada_transition,24195,0,,237641.37,aci_equal
2025,BC,low_quality_student,29735,0,,-211205.93,aci_equal
2025,BC,low_wage_worker,58630,0,,-180555.42,aci_equal
2025,BC,refugee,6940,2655,,-439889.84,aci_equal
2025,MB,family_class,3320,0,,-133783.0,aci_equal
2025,MB,francophone_pr,0,177,0.5,444285.46,aci_equal
2025,MB,high_quality_student,8790,0,,99711.36,aci_equal
2025,MB,high_wage_worker,14330,0,,412526.93,aci_equal
2025,MB,in_canada_transition,11960,0,,237641.37,aci_equal
2025,MB,low_quality_student,5405,0,,-211205.93,aci_equal
2025,MB,low_wage_worker,13840,0,,-180555.42,aci_equal
2025,MB,refugee,2720,2655,,-439889.84,aci_equal
2025,NB,family_class,830,0,,-133783.0,aci_equal
2025,NB,francophone_pr,0,177,0.5,444285.46,aci_equal
2025,NB,high_quality_student,4960,0,,99711.36,aci_equal
2025,NB,high_wage_worker,9350,0,,412526.93,aci_equal
2025,NB,in_canada_transition,7605,0,,237641.37,aci_equal
2025,NB,low_quality_student,3485,0,,-211205.93,aci_equal
2025,NB,low_wage_worker,5425,0,,-180555.42,aci_equal
2025,NB,refugee,655,2655,,-439889.84,aci_equal
2025,NL,family_class,285,0,,-133783.0,aci_equal
2025,NL,francophone_pr,0,177,0.5,444285.46,aci_equal
2025,NL,high_quality_student,2035,0,,99711.36,aci_equal
2025,NL,high_wage_worker,3315,0,,412526.93,aci_equal
2025,NL,in_canada_transition,4030,0,,237641.37,aci_equal
2025,NL,low_quality_student,1320,0,,-211205.93,aci_equal
2025,NL,low_wage_worker,2945,0,,-180555.42,aci_equal
2025,NL,refugee,610,2655,,-439889.84,aci_equal
2025,NS,family_class,1180,0,,-133783.0,aci_equal
2025,NS,francophone_pr,0,177,0.5,444285.46,aci_equal
2025,NS,high_quality_student,5195,0,,99711.36,aci_equal
2025,NS,high_wage_worker,12590,0,,412526.93,aci_equal
2025,NS,in_canada_transition,6630,0,,237641.37,aci_equal
2025,NS,low_quality_student,4590,0,,-211205.93,aci_equal
2025,NS,low_wage_worker,6120,0,,-180555.42,aci_equal
2025,NS,refugee,980,2655,,-439889.84,aci_equal
2025,NT,family_class,50,0,,-133783.0,aci_equal
2025,NT,francophone_pr,0,177,0.5,444285.46,aci_equal
2025,NT,high_quality_student,0,0,0.5,99711.36,aci_equal
2025,NT,high_wage_worker,240,0,,412526.93,aci_equal
2025,NT,in_canada_transition,285,0,,237641.37,aci_equal
2025,NT,low_quality_student,55,0,,-211205.93,aci_equal
2025,NT,low_wage_worker,90,0,,-180555.42,aci_equal
2025,NT,refugee,0,2655,0.5,-439889.84,aci_equal
2025,NU,family_class,5,0,,-133783.0,aci_equal
2025,NU,francophone_pr,0,177,0.5,444285.46,aci_equal
2025,NU,high_quality_student,0,0,0.5,99711.36,aci_equal
2025,NU,high_wage_worker,15,0,,412526.93,aci_equal
2025,NU,in_canada_transition,0,0,0.5,237641.37,aci_equal
2025,NU,low_quality_student,0,0,0.5,-211205.93,aci_equal
2025,NU,low_wage_worker,35,0,,-180555.42,aci_equal
2025,NU,refugee,0,2655,0.5,-439889.84,aci_equal
2025,ON,family_class,46650,0,,-133783.0,aci_equal
2025,ON,francophone_pr,0,177,0.5,444285.46,aci_equal
2025,ON,high_quality_student,117970,0,,99711.36,aci_equal
2025,ON,high_wage_worker,219490,0,,412526.93,aci_equal
2025,ON,in_canada_transition,63485,0,,237641.37,aci_equal
2025,ON,low_quality_student,55455,0,,-211205.93,aci_equal
2025,ON,low_wage_worker,97955,0,,-180555.42,aci_equal
2025,ON,refugee,34450,2655,,-439889.84,aci_equal
2025,PE,family_class,170,0,,-133783.0,aci_equal
2025,PE,francophone_pr,0,177,0.5,444285.46,aci_equal
2025,PE,high_quality_student,980,0,,99711.36,aci_equal
2025,PE,high_wage_worker,2070,0,,412526.93,aci_equal
2025,PE,in_canada_transition,1825,0,,237641.37,aci_equal
2025,PE,low_quality_student,1010,0,,-211205.93,aci_equal
2025,PE,low_wage_worker,1695,0,,-180555.42,aci_equal
2025,PE,refugee,80,2655,,-439889.84,aci_equal
2025,QC,family_class,10355,0,,-133783.0,aci_equal
2025,QC,francophone_pr,4592,177,,444285.46,aci_equal
2025,QC,high_quality_student,42705,0,,99711.36,aci_equal
2025,QC,high_wage_worker,91870,0,,412526.93,aci_equal
2025,QC,in_canada_transition,0,0,0.5,237641.37,aci_equal
2025,QC,low_quality_student,21840,0,,-211205.93,aci_equal
2025,QC,low_wage_worker,60555,0,,-180555.42,aci_equal
2025,QC,refugee,7390,2655,,-439889.84,aci_equal
2025,SK,family_class,2085,0,,-133783.0,aci_equal
2025,SK,francophone_pr,0,177,0.5,444285.46,aci_equal
2025,SK,high_quality_student,4410,0,,99711.36,aci_equal
2025,SK,high_wage_worker,10065,0,,412526.93,aci_equal
2025,SK,in_canada_transition,10275,0,,237641.37,aci_equal
2025,SK,low_quality_student,3790,0,,-211205.93,aci_equal
2025,SK,low_wage_worker,5570,0,,-180555.42,aci_equal
2025,SK,refugee,1205,2655,,-439889.84,aci_equal
2025,YT,family_class,75,0,,-133783.0,aci_equal
2025,YT,francophone_pr,0,177,0.5,444285.46,aci_equal
2025,YT,high_quality_student,80,0,,99711.36,aci_equal
2025,YT,high_wage_worker,355,0,,412526.93,aci_equal
2025,YT,in_canada_transition,560,0,,237641.37,aci_equal
2025,YT,low_quality_student,75,0,,-211205.93,aci_equal
2025,YT,low_wage_worker,270,0,,-180555.42,aci_equal
2025,YT,refugee,0,2655,0.5,-439889.84,aci_equal
2026,AB,family_class,3140,19545,,-133783.0,aci_equal
2026,AB,francophone_pr,0,682,0.5,444285.46,aci_equal
2026,AB,high_quality_student,3120,39715,,99711.36,aci_equal
2026,AB,high_wage_worker,18425,207920,,412526.93,aci_equal
2026,AB,in_canada_transition,4665,36475,,237641.37,aci_equal
2026,AB,low_quality_student,4445,31890,,-211205.93,aci_equal
2026,AB,low_wage_worker,15780,88015,,-180555.42,aci_equal
2026,AB,refugee,2070,6833,,-439889.84,aci_equal
2026,BC,family_class,3235,0,,-133783.0,aci_equal
2026,BC,francophone_pr,0,49,0.5,444285.46,aci_equal
2026,BC,high_quality_student,9100,0,,99711.36,aci_equal
2026,BC,high_wage_worker,30940,0,,412526.93,aci_equal
2026,BC,in_canada_transition,5005,0,,237641.37,aci_equal
2026,BC,low_quality_student,6450,0,,-211205.93,aci_equal
2026,BC,low_wage_worker,14795,0,,-180555.42,aci_equal
2026,BC,refugee,1170,488,,-439889.84,aci_equal
2026,MB,family_class,760,0,,-133783.0,aci_equal
2026,MB,francophone_pr,0,49,0.5,444285.46,aci_equal
2026,MB,high_quality_student,1485,0,,99711.36,aci_equal
2026,MB,high_wage_worker,5530,0,,412526.93,aci_equal
2026,MB,in_canada_transition,3880,0,,237641.37,aci_equal
2026,MB,low_quality_student,1345,0,,-211205.93,aci_equal
2026,MB,low_wage_worker,5090,0,,-180555.42,aci_equal
2026,MB,refugee,325,488,,-439889.84,aci_equal
2026,NB,family_class,165,0,,-133783.0,aci_equal
2026,NB,francophone_pr,0,49,0.5,444285.46,aci_equal
2026,NB,high_quality_student,700,0,,99711.36,aci_equal
2026,NB,high_wage_worker,3885,0,,412526.93,aci_equal
2026,NB,in_canada_transition,1930,0,,237641.37,aci_equal
2026,NB,low_quality_student,775,0,,-211205.93,aci_equal
2026,NB,low_wage_worker,1520,0,,-180555.42,aci_equal
2026,NB,refugee,110,488,,-439889.84,aci_equal
2026,NL,family_class,40,0,,-133783.0,aci_equal
2026,NL,francophone_pr,0,49,0.5,444285.46,aci_equal
2026,NL,high_quality_student,400,0,,99711.36,aci_equal
2026,NL,high_wage_worker,1620,0,,412526.93,aci_equal
2026,NL,in_canada_transition,1230,0,,237641.37,aci_equal
2026,NL,low_quality_student,310,0,,-211205.93,aci_equal
2026,NL,low_wage_worker,655,0,,-180555.42,aci_equal
2026,NL,refugee,85,488,,-439889.84,aci_equal
2026,NS,family_class,250,0,,-133783.0,aci_equal
2026,NS,francophone_pr,0,49,0.5,444285.46,aci_equal
2026,NS,high_quality_student,810,0,,99711.36,aci_equal
2026,NS,high_wage_worker,5140,0,,412526.93,aci_equal
2026,NS,in_canada_transition,2030,0,,237641.37,aci_equal
2026,NS,low_quality_student,1100,0,,-211205.93,aci_equal
2026,NS,low_wage_worker,1780,0,,-180555.42,aci_equal
2026,NS,refugee,195,488,,-439889.84,aci_equal
2026,NT,family_class,5,0,,-133783.0,aci_equal
2026,NT,francophone_pr,0,49,0.5,444285.46,aci_equal
2026,NT,high_quality_student,0,0,0.5,99711.36,aci_equal
2026,NT,high_wage_worker,130,0,,412526.93,aci_equal
2026,NT,in_canada_transition,145,0,,237641.37,aci_equal
2026,NT,low_quality_student,20,0,,-211205.93,aci_equal
2026,NT,low_wage_worker,20,0,,-180555.42,aci_equal
2026,NT,refugee,0,488,0.5,-439889.84,aci_equal
2026,NU,family_class,0,0,0.5,-133783.0,aci_equal
2026,NU,francophone_pr,0,49,0.5,444285.46,aci_equal
2026,NU,high_quality_student,0,0,0.5,99711.36,aci_equal
2026,NU,high_wage_worker,15,0,,412526.93,aci_equal
2026,NU,in_canada_transition,0,0,0.5,237641.37,aci_equal
2026,NU,low_quality_student,0,0,0.5,-211205.93,aci_equal
2026,NU,low_wage_worker,0,0,0.5,-180555.42,aci_equal
2026,NU,refugee,0,488,0.5,-439889.84,aci_equal
2026,ON,family_class,9345,0,,-133783.0,aci_equal
2026,ON,francophone_pr,0,49,0.5,444285.46,aci_equal
2026,ON,high_quality_student,16605,0,,99711.36,aci_equal
2026,ON,high_wage_worker,111100,0,,412526.93,aci_equal
2026,ON,in_canada_transition,14245,0,,237641.37,aci_equal
2026,ON,low_quality_student,11815,0,,-211205.93,aci_equal
2026,ON,low_wage_worker,28625,0,,-180555.42,aci_equal
2026,ON,refugee,6840,488,,-439889.84,aci_equal
2026,PE,family_class,45,0,,-133783.0,aci_equal
2026,PE,francophone_pr,0,49,0.5,444285.46,aci_equal
2026,PE,high_quality_student,150,0,,99711.36,aci_equal
2026,PE,high_wage_worker,1045,0,,412526.93,aci_equal
2026,PE,in_canada_transition,545,0,,237641.37,aci_equal
2026,PE,low_quality_student,155,0,,-211205.93,aci_equal
2026,PE,low_wage_worker,470,0,,-180555.42,aci_equal
2026,PE,refugee,10,488,,-439889.84,aci_equal
2026,QC,family_class,2145,0,,-133783.0,aci_equal
2026,QC,francophone_pr,1266,49,,444285.46,aci_equal
2026,QC,high_quality_student,6525,0,,99711.36,aci_equal
2026,QC,high_wage_worker,25335,0,,412526.93,aci_equal
2026,QC,in_canada_transition,0,0,0.5,237641.37,aci_equal
2026,QC,low_quality_student,4520,0,,-211205.93,aci_equal
2026,QC,low_wage_worker,17565,0,,-180555.42,aci_equal
2026,QC,refugee,1670,488,,-439889.84,aci_equal
2026,SK,family_class,395,0,,-133783.0,aci_equal
2026,SK,francophone_pr,0,49,0.5,444285.46,aci_equal
2026,SK,high_quality_student,810,0,,99711.36,aci_equal
2026,SK,high_wage_worker,4560,0,,412526.93,aci_equal
2026,SK,in_canada_transition,2615,0,,237641.37,aci_equal
2026,SK,low_quality_student,930,0,,-211205.93,aci_equal
2026,SK,low_wage_worker,1650,0,,-180555.42,aci_equal
2026,SK,refugee,215,488,,-439889.84,aci_equal
2026,YT,family_class,20,0,,-133783.0,aci_equal
2026,YT,francophone_pr,0,49,0.5,444285.46,aci_equal
2026,YT,high_quality_student,10,0,,99711.36,aci_equal
2026,YT,high_wage_worker,195,0,,412526.93,aci_equal
2026,YT,in_canada_transition,185,0,,237641.37,aci_equal
2026,YT,low_quality_student,25,0,,-211205.93,aci_equal
2026,YT,low_wage_worker,65,0,,-180555.42,aci_equal
2026,YT,refugee,0,488,0.5,-439889.84,aci_equal
2018,AB,family_class,13920,84930,0.4448,-133783.0,aci_fiscal_heavy
2018,AB,francophone_pr,0,1914,0.5,444285.46,aci_fiscal_heavy
2018,AB,high_quality_student,13155,254125,0.4448,99711.36,aci_fiscal_heavy
2018,AB,high_wage_worker,27165,316575,0.4448,412526.93,aci_fiscal_heavy
2018,AB,in_canada_transition,12820,91360,0.4448,237641.37,aci_fiscal_heavy
2018,AB,low_quality_student,6120,113060,0.4448,-211205.93,aci_fiscal_heavy
2018,AB,low_wage_worker,11300,102855,0.4448,-180555.42,aci_fiscal_heavy
2018,AB,refugee,6355,26482,0.4448,-439889.84,aci_fiscal_heavy
2018,BC,family_class,14760,0,0.4893,-133783.0,aci_fiscal_heavy
2018,BC,francophone_pr,0,137,0.5,444285.46,aci_fiscal_heavy
2018,BC,high_quality_student,52900,0,0.4893,99711.36,aci_fiscal_heavy
2018,BC,high_wage_worker,56705,0,0.4893,412526.93,aci_fiscal_heavy
2018,BC,in_canada_transition,16645,0,0.4893,237641.37,aci_fiscal_heavy
2018,BC,low_quality_student,31690,0,0.4893,-211205.93,aci_fiscal_heavy
2018,BC,low_wage_worker,24165,0,0.4893,-180555.42,aci_fiscal_heavy
2018,BC,refugee,3375,1892,0.4893,-439889.84,aci_fiscal_heavy
2018,MB,family_class,2730,0,0.3733,-133783.0,aci_fiscal_heavy
2018,MB,francophone_pr,0,137,0.5,444285.46,aci_fiscal_heavy
2018,MB,high_quality_student,9585,0,0.3733,99711.36,aci_fiscal_heavy
2018,MB,high_wage_worker,10095,0,0.3733,412526.93,aci_fiscal_heavy
2018,MB,in_canada_transition,10260,0,0.3733,237641.37,aci_fiscal_heavy
2018,MB,low_quality_student,3050,0,0.3733,-211205.93,aci_fiscal_heavy
2018,MB,low_wage_worker,1180,0,0.3733,-180555.42,aci_fiscal_heavy
2018,MB,refugee,1540,1892,0.3733,-439889.84,aci_fiscal_heavy
2018,NB,family_class,390,0,0.327,-133783.0,aci_fiscal_heavy
2018,NB,francophone_pr,0,137,0.5,444285.46,aci_fiscal_heavy
2018,NB,high_quality_student,2460,0,0.327,99711.36,aci_fiscal_heavy
2018,NB,high_wage_worker,2320,0,0.327,412526.93,aci_fiscal_heavy
2018,NB,in_canada_transition,3600,0,0.327,237641.37,aci_fiscal_heavy
2018,NB,low_quality_student,1360,0,0.327,-211205.93,aci_fiscal_heavy
2018,NB,low_wage_worker,1385,0,0.327,-180555.42,aci_fiscal_heavy
2018,NB,refugee,340,1892,0.327,-439889.84,aci_fiscal_heavy
2018,NL,family_class,180,0,0.3387,-133783.0,aci_fiscal_heavy
2018,NL,francophone_pr,0,137,0.5,444285.46,aci_fiscal_heavy
2018,NL,high_quality_student,1890,0,0.3387,99711.36,aci_fiscal_heavy
2018,NL,high_wage_worker,1745,0,0.3387,412526.93,aci_fiscal_heavy
2018,NL,in_canada_transition,885,0,0.3387,237641.37,aci_fiscal_heavy
2018,NL,low_quality_student,485,0,0.3387,-211205.93,aci_fiscal_heavy
2018,NL,low_wage_worker,420,0,0.3387,-180555.42,aci_fiscal_heavy
2018,NL,refugee,265,1892,0.3387,-439889.84,aci_fiscal_heavy
2018,NS,family_class,685,0,0.307,-133783.0,aci_fiscal_heavy
2018,NS,francophone_pr,0,137,0.5,444285.46,aci_fiscal_heavy
2018,NS,high_quality_student,6955,0,0.307,99711.36,aci_fiscal_heavy
2018,NS,high_wage_worker,4150,0,0.307,412526.93,aci_fiscal_heavy
2018,NS,in_canada_transition,4205,0,0.307,237641.37,aci_fiscal_heavy
2018,NS,low_quality_student,3300,0,0.307,-211205.93,aci_fiscal_heavy
2018,NS,low_wage_worker,2055,0,0.307,-180555.42,aci_fiscal_heavy
2018,NS,refugee,645,1892,0.307,-439889.84,aci_fiscal_heavy
2018,NT,family_class,55,0,,-133783.0,aci_fiscal_heavy
2018,NT,francophone_pr,0,137,0.5,444285.46,aci_fiscal_heavy
2018,NT,high_quality_student,0,0,0.5,99711.36,aci_fiscal_heavy
2018,NT,high_wage_worker,80,0,,412526.93,aci_fiscal_heavy
2018,NT,in_canada_transition,120,0,,237641.37,aci_fiscal_heavy
2018,NT,low_quality_student,10,0,,-211205.93,aci_fiscal_heavy
2018,NT,low_wage_worker,30,0,,-180555.42,aci_fiscal_heavy
2018,NT,refugee,0,1892,0.5,-439889.84,aci_fiscal_heavy
2018,NU,family_class,0,0,0.5,-133783.0,aci_fiscal_heavy
2018,NU,francophone_pr,0,137,0.5,444285.46,aci_fiscal_heavy
2018,NU,high_quality_student,0,0,0.5,99711.36,aci_fiscal_heavy
2018,NU,high_wage_worker,0,0,0.5,412526.93,aci_fiscal_heavy
2018,NU,in_canada_transition,0,0,0.5,237641.37,aci_fiscal_heavy
2018,NU,low_quality_student,0,0,0.5,-211205.93,aci_fiscal_heavy
2018,NU,low_wage_worker,55,0,,-180555.42,aci_fiscal_heavy
2018,NU,refugee,0,1892,0.5,-439889.84,aci_fiscal_heavy
2018,ON,family_class,37850,0,0.4254,-133783.0,aci_fiscal_heavy
2018,ON,francophone_pr,0,137,0.5,444285.46,aci_fiscal_heavy
2018,ON,high_quality_student,126310,0,0.4254,99711.36,aci_fiscal_heavy
2018,ON,high_wage_worker,135140,0,0.4254,412526.93,aci_fiscal_heavy
2018,ON,in_canada_transition,29215,0,0.4254,237641.37,aci_fiscal_heavy
2018,ON,low_quality_student,54725,0,0.4254,-211205.93,aci_fiscal_heavy
2018,ON,low_wage_worker,41465,0,0.4254,-180555.42,aci_fiscal_heavy
2018,ON,refugee,25900,1892,0.4254,-439889.84,aci_fiscal_heavy
2018,PE,family_class,90,0,,-133783.0,aci_fiscal_heavy
2018,PE,francophone_pr,0,137,0.5,444285.46,aci_fiscal_heavy
2018,PE,high_quality_student,1085,0,,99711.36,aci_fiscal_heavy
2018,PE,high_wage_worker,1220,0,,412526.93,aci_fiscal_heavy
2018,PE,in_canada_transition,1860,0,,237641.37,aci_fiscal_heavy
2018,PE,low_quality_student,820,0,,-211205.93,aci_fiscal_heavy
2018,PE,low_wage_worker,845,0,,-180555.42,aci_fiscal_heavy
2018,PE,refugee,55,1892,,-439889.84,aci_fiscal_heavy
2018,QC,family_class,12270,0,0.4499,-133783.0,aci_fiscal_heavy
2018,QC,francophone_pr,3554,137,0.4499,444285.46,aci_fiscal_heavy
2018,QC,high_quality_student,35425,0,0.4499,99711.36,aci_fiscal_heavy
2018,QC,high_wage_worker,71115,0,0.4499,412526.93,aci_fiscal_heavy
2018,QC,in_canada_transition,0,0,0.5,237641.37,aci_fiscal_heavy
2018,QC,low_quality_student,9905,0,0.4499,-211205.93,aci_fiscal_heavy
2018,QC,low_wage_worker,18875,0,0.4499,-180555.42,aci_fiscal_heavy
2018,QC,refugee,9640,1892,0.4499,-439889.84,aci_fiscal_heavy
2018,SK,family_class,1975,0,0.5035,-133783.0,aci_fiscal_heavy
2018,SK,francophone_pr,0,137,0.5,444285.46,aci_fiscal_heavy
2018,SK,high_quality_student,4325,0,0.5035,99711.36,aci_fiscal_heavy
2018,SK,high_wage_worker,6380,0,0.5035,412526.93,aci_fiscal_heavy
2018,SK,in_canada_transition,11560,0,0.5035,237641.37,aci_fiscal_heavy
2018,SK,low_quality_student,1590,0,0.5035,-211205.93,aci_fiscal_heavy
2018,SK,low_wage_worker,1000,0,0.5035,-180555.42,aci_fiscal_heavy
2018,SK,refugee,1055,1892,0.5035,-439889.84,aci_fiscal_heavy
2018,YT,family_class,25,0,,-133783.0,aci_fiscal_heavy
2018,YT,francophone_pr,0,137,0.5,444285.46,aci_fiscal_heavy
2018,YT,high_quality_student,35,0,,99711.36,aci_fiscal_heavy
2018,YT,high_wage_worker,460,0,,412526.93,aci_fiscal_heavy
2018,YT,in_canada_transition,190,0,,237641.37,aci_fiscal_heavy
2018,YT,low_quality_student,5,0,,-211205.93,aci_fiscal_heavy
2018,YT,low_wage_worker,80,0,,-180555.42,aci_fiscal_heavy
2018,YT,refugee,10,1892,,-439889.84,aci_fiscal_heavy
2019,AB,family_class,15290,91025,0.4318,-133783.0,aci_fiscal_heavy
2019,AB,francophone_pr,0,2064,0.5,444285.46,aci_fiscal_heavy
2019,AB,high_quality_student,14450,296205,0.4318,99711.36,aci_fiscal_heavy
2019,AB,high_wage_worker,29960,381165,0.4318,412526.93,aci_fiscal_heavy
2019,AB,in_canada_transition,13270,102995,0.4318,237641.37,aci_fiscal_heavy
2019,AB,low_quality_student,6550,115035,0.4318,-211205.93,aci_fiscal_heavy
2019,AB,low_wage_worker,10930,109645,0.4318,-180555.42,aci_fiscal_heavy
2019,AB,refugee,7640,28477,0.4318,-439889.84,aci_fiscal_heavy
2019,BC,family_class,16225,0,0.4984,-133783.0,aci_fiscal_heavy
2019,BC,francophone_pr,0,147,0.5,444285.46,aci_fiscal_heavy
2019,BC,high_quality_student,57995,0,0.4984,99711.36,aci_fiscal_heavy
2019,BC,high_wage_worker,70585,0,0.4984,412526.93,aci_fiscal_heavy
2019,BC,in_canada_transition,19295,0,0.4984,237641.37,aci_fiscal_heavy
2019,BC,low_quality_student,30775,0,0.4984,-211205.93,aci_fiscal_heavy
2019,BC,low_wage_worker,26945,0,0.4984,-180555.42,aci_fiscal_heavy
2019,BC,refugee,3895,2034,0.4984,-439889.84,aci_fiscal_heavy
2019,MB,family_class,3150,0,0.3921,-133783.0,aci_fiscal_heavy
2019,MB,francophone_pr,0,147,0.5,444285.46,aci_fiscal_heavy
2019,MB,high_quality_student,9835,0,0.3921,99711.36,aci_fiscal_heavy
2019,MB,high_wage_worker,11560,0,0.3921,412526.93,aci_fiscal_heavy
2019,MB,in_canada_transition,12955,0,0.3921,237641.37,aci_fiscal_heavy
2019,MB,low_quality_student,2835,0,0.3921,-211205.93,aci_fiscal_heavy
2019,MB,low_wage_worker,1315,0,0.3921,-180555.42,aci_fiscal_heavy
2019,MB,refugee,2015,2034,0.3921,-439889.84,aci_fiscal_heavy
2019,NB,family_class,395,0,0.3504,-133783.0,aci_fiscal_heavy
2019,NB,francophone_pr,0,147,0.5,444285.46,aci_fiscal_heavy
2019,NB,high_quality_student,3190,0,0.3504,99711.36,aci_fiscal_heavy
2019,NB,high_wage_worker,2945,0,0.3504,412526.93,aci_fiscal_heavy
2019,NB,in_canada_transition,4845,0,0.3504,237641.37,aci_fiscal_heavy
2019,NB,low_quality_student,1230,0,0.3504,-211205.93,aci_fiscal_heavy
2019,NB,low_wage_worker,1700,0,0.3504,-180555.42,aci_fiscal_heavy
2019,NB,refugee,480,2034,0.3504,-439889.84,aci_fiscal_heavy
2019,NL,family_class,215,0,0.3563,-133783.0,aci_fiscal_heavy
2019,NL,francophone_pr,0,147,0.5,444285.46,aci_fiscal_heavy
2019,NL,high_quality_student,2185,0,0.3563,99711.36,aci_fiscal_heavy
2019,NL,high_wage_worker,1840,0,0.3563,412526.93,aci_fiscal_heavy
2019,NL,in_canada_transition,1075,0,0.3563,237641.37,aci_fiscal_heavy
2019,NL,low_quality_student,485,0,0.3563,-211205.93,aci_fiscal_heavy
2019,NL,low_wage_worker,435,0,0.3563,-180555.42,aci_fiscal_heavy
2019,NL,refugee,385,2034,0.3563,-439889.84,aci_fiscal_heavy
2019,NS,family_class,855,0,0.3228,-133783.0,aci_fiscal_heavy
2019,NS,francophone_pr,0,147,0.5,444285.46,aci_fiscal_heavy
2019,NS,high_quality_student,7350,0,0.3228,99711.36,aci_fiscal_heavy
2019,NS,high_wage_worker,5760,0,0.3228,412526.93,aci_fiscal_heavy
2019,NS,in_canada_transition,5460,0,0.3228,237641.37,aci_fiscal_heavy
2019,NS,low_quality_student,3270,0,0.3228,-211205.93,aci_fiscal_heavy
2019,NS,low_wage_worker,2230,0,0.3228,-180555.42,aci_fiscal_heavy
2019,NS,refugee,790,2034,0.3228,-439889.84,aci_fiscal_heavy
2019,NT,family_class,55,0,,-133783.0,aci_fiscal_heavy
2019,NT,francophone_pr,0,147,0.5,444285.46,aci_fiscal_heavy
2019,NT,high_quality_student,0,0,0.5,99711.36,aci_fiscal_heavy
2019,NT,high_wage_worker,80,0,,412526.93,aci_fiscal_heavy
2019,NT,in_canada_transition,50,0,,237641.37,aci_fiscal_heavy
2019,NT,low_quality_student,10,0,,-211205.93,aci_fiscal_heavy
2019,NT,low_wage_worker,5,0,,-180555.42,aci_fiscal_heavy
2019,NT,refugee,0,2034,0.5,-439889.84,aci_fiscal_heavy
2019,NU,family_class,5,0,,-133783.0,aci_fiscal_heavy
2019,NU,francophone_pr,0,147,0.5,444285.46,aci_fiscal_heavy
2019,NU,high_quality_student,0,0,0.5,99711.36,aci_fiscal_heavy
2019,NU,high_wage_worker,20,0,,412526.93,aci_fiscal_heavy
2019,NU,in_canada_transition,5,0,,237641.37,aci_fiscal_heavy
2019,NU,low_quality_student,0,0,0.5,-211205.93,aci_fiscal_heavy
2019,NU,low_wage_worker,0,0,0.5,-180555.42,aci_fiscal_heavy
2019,NU,refugee,0,2034,0.5,-439889.84,aci_fiscal_heavy
2019,ON,family_class,42565,0,0.4244,-133783.0,aci_fiscal_heavy
2019,ON,francophone_pr,0,147,0.5,444285.46,aci_fiscal_heavy
2019,ON,high_quality_student,149250,0,0.4244,99711.36,aci_fiscal_heavy
2019,ON,high_wage_worker,172755,0,0.4244,412526.93,aci_fiscal_heavy
2019,ON,in_canada_transition,32230,0,0.4244,237641.37,aci_fiscal_heavy
2019,ON,low_quality_student,54790,0,0.4244,-211205.93,aci_fiscal_heavy
2019,ON,low_wage_worker,39535,0,0.4244,-180555.42,aci_fiscal_heavy
2019,ON,refugee,28640,2034,0.4244,-439889.84,aci_fiscal_heavy
2019,PE,family_class,105,0,,-133783.0,aci_fiscal_heavy
2019,PE,francophone_pr,0,147,0.5,444285.46,aci_fiscal_heavy
2019,PE,high_quality_student,1275,0,,99711.36,aci_fiscal_heavy
2019,PE,high_wage_worker,1745,0,,412526.93,aci_fiscal_heavy
2019,PE,in_canada_transition,2115,0,,237641.37,aci_fiscal_heavy
2019,PE,low_quality_student,655,0,,-211205.93,aci_fiscal_heavy
2019,PE,low_wage_worker,1075,0,,-180555.42,aci_fiscal_heavy
2019,PE,refugee,55,2034,,-439889.84,aci_fiscal_heavy
2019,QC,family_class,9650,0,0.4587,-133783.0,aci_fiscal_heavy
2019,QC,francophone_pr,3834,147,0.4587,444285.46,aci_fiscal_heavy
2019,QC,high_quality_student,45845,0,0.4587,99711.36,aci_fiscal_heavy
2019,QC,high_wage_worker,76705,0,0.4587,412526.93,aci_fiscal_heavy
2019,QC,in_canada_transition,0,0,0.5,237641.37,aci_fiscal_heavy
2019,QC,low_quality_student,12770,0,0.4587,-211205.93,aci_fiscal_heavy
2019,QC,low_wage_worker,24360,0,0.4587,-180555.42,aci_fiscal_heavy
2019,QC,refugee,7750,2034,0.4587,-439889.84,aci_fiscal_heavy
2019,SK,family_class,2440,0,0.4636,-133783.0,aci_fiscal_heavy
2019,SK,francophone_pr,0,147,0.5,444285.46,aci_fiscal_heavy
2019,SK,high_quality_student,4755,0,0.4636,99711.36,aci_fiscal_heavy
2019,SK,high_wage_worker,6680,0,0.4636,412526.93,aci_fiscal_heavy
2019,SK,in_canada_transition,11430,0,0.4636,237641.37,aci_fiscal_heavy
2019,SK,low_quality_student,1650,0,0.4636,-211205.93,aci_fiscal_heavy
2019,SK,low_wage_worker,1015,0,0.4636,-180555.42,aci_fiscal_heavy
2019,SK,refugee,1230,2034,0.4636,-439889.84,aci_fiscal_heavy
2019,YT,family_class,75,0,,-133783.0,aci_fiscal_heavy
2019,YT,francophone_pr,0,147,0.5,444285.46,aci_fiscal_heavy
2019,YT,high_quality_student,75,0,,99711.36,aci_fiscal_heavy
2019,YT,high_wage_worker,530,0,,412526.93,aci_fiscal_heavy
2019,YT,in_canada_transition,265,0,,237641.37,aci_fiscal_heavy
2019,YT,low_quality_student,15,0,,-211205.93,aci_fiscal_heavy
2019,YT,low_wage_worker,100,0,,-180555.42,aci_fiscal_heavy
2019,YT,refugee,5,2034,,-439889.84,aci_fiscal_heavy
2020,AB,family_class,7530,48975,0.3792,-133783.0,aci_fiscal_heavy
2020,AB,francophone_pr,0,1511,0.5,444285.46,aci_fiscal_heavy
2020,AB,high_quality_student,9220,203840,0.3792,99711.36,aci_fiscal_heavy
2020,AB,high_wage_worker,20285,281680,0.3792,412526.93,aci_fiscal_heavy
2020,AB,in_canada_transition,9660,65310,0.3792,237641.37,aci_fiscal_heavy
2020,AB,low_quality_student,4305,67885,0.3792,-211205.93,aci_fiscal_heavy
2020,AB,low_wage_worker,7305,89910,0.3792,-180555.42,aci_fiscal_heavy
2020,AB,refugee,3025,15559,0.3792,-439889.84,aci_fiscal_heavy
2020,BC,family_class,8015,0,0.355,-133783.0,aci_fiscal_heavy
2020,BC,francophone_pr,0,116,0.5,444285.46,aci_fiscal_heavy
2020,BC,high_quality_student,44450,0,0.355,99711.36,aci_fiscal_heavy
2020,BC,high_wage_worker,50850,0,0.355,412526.93,aci_fiscal_heavy
2020,BC,in_canada_transition,13925,0,0.355,237641.37,aci_fiscal_heavy
2020,BC,low_quality_student,18175,0,0.355,-211205.93,aci_fiscal_heavy
2020,BC,low_wage_worker,20845,0,0.355,-180555.42,aci_fiscal_heavy
2020,BC,refugee,2040,1197,0.355,-439889.84,aci_fiscal_heavy
2020,MB,family_class,1475,0,0.3378,-133783.0,aci_fiscal_heavy
2020,MB,francophone_pr,0,116,0.5,444285.46,aci_fiscal_heavy
2020,MB,high_quality_student,7295,0,0.3378,99711.36,aci_fiscal_heavy
2020,MB,high_wage_worker,11325,0,0.3378,412526.93,aci_fiscal_heavy
2020,MB,in_canada_transition,6170,0,0.3378,237641.37,aci_fiscal_heavy
2020,MB,low_quality_student,1885,0,0.3378,-211205.93,aci_fiscal_heavy
2020,MB,low_wage_worker,965,0,0.3378,-180555.42,aci_fiscal_heavy
2020,MB,refugee,565,1197,0.3378,-439889.84,aci_fiscal_heavy
2020,NB,family_class,220,0,0.3044,-133783.0,aci_fiscal_heavy
2020,NB,francophone_pr,0,116,0.5,444285.46,aci_fiscal_heavy
2020,NB,high_quality_student,1705,0,0.3044,99711.36,aci_fiscal_heavy
2020,NB,high_wage_worker,3110,0,0.3044,412526.93,aci_fiscal_heavy
2020,NB,in_canada_transition,2190,0,0.3044,237641.37,aci_fiscal_heavy
2020,NB,low_quality_student,630,0,0.3044,-211205.93,aci_fiscal_heavy
2020,NB,low_wage_worker,1645,0,0.3044,-180555.42,aci_fiscal_heavy
2020,NB,refugee,255,1197,0.3044,-439889.84,aci_fiscal_heavy
2020,NL,family_class,115,0,0.3216,-133783.0,aci_fiscal_heavy
2020,NL,francophone_pr,0,116,0.5,444285.46,aci_fiscal_heavy
2020,NL,high_quality_student,1250,0,0.3216,99711.36,aci_fiscal_heavy
2020,NL,high_wage_worker,1265,0,0.3216,412526.93,aci_fiscal_heavy
2020,NL,in_canada_transition,565,0,0.3216,237641.37,aci_fiscal_heavy
2020,NL,low_quality_student,190,0,0.3216,-211205.93,aci_fiscal_heavy
2020,NL,low_wage_worker,415,0,0.3216,-180555.42,aci_fiscal_heavy
2020,NL,refugee,105,1197,0.3216,-439889.84,aci_fiscal_heavy
2020,NS,family_class,450,0,0.2944,-133783.0,aci_fiscal_heavy
2020,NS,francophone_pr,0,116,0.5,444285.46,aci_fiscal_heavy
2020,NS,high_quality_student,3840,0,0.2944,99711.36,aci_fiscal_heavy
2020,NS,high_wage_worker,6205,0,0.2944,412526.93,aci_fiscal_heavy
2020,NS,in_canada_transition,2530,0,0.2944,237641.37,aci_fiscal_heavy
2020,NS,low_quality_student,1450,0,0.2944,-211205.93,aci_fiscal_heavy
2020,NS,low_wage_worker,2105,0,0.2944,-180555.42,aci_fiscal_heavy
2020,NS,refugee,325,1197,0.2944,-439889.84,aci_fiscal_heavy
2020,NT,family_class,20,0,,-133783.0,aci_fiscal_heavy
2020,NT,francophone_pr,0,116,0.5,444285.46,aci_fiscal_heavy
2020,NT,high_quality_student,0,0,0.5,99711.36,aci_fiscal_heavy
2020,NT,high_wage_worker,50,0,,412526.93,aci_fiscal_heavy
2020,NT,in_canada_transition,45,0,,237641.37,aci_fiscal_heavy
2020,NT,low_quality_student,0,0,0.5,-211205.93,aci_fiscal_heavy
2020,NT,low_wage_worker,0,0,0.5,-180555.42,aci_fiscal_heavy
2020,NT,refugee,0,1197,0.5,-439889.84,aci_fiscal_heavy
2020,ON,family_class,22220,0,0.3807,-133783.0,aci_fiscal_heavy
2020,ON,francophone_pr,0,116,0.5,444285.46,aci_fiscal_heavy
2020,ON,high_quality_student,97490,0,0.3807,99711.36,aci_fiscal_heavy
2020,ON,high_wage_worker,125575,0,0.3807,412526.93,aci_fiscal_heavy
2020,ON,in_canada_transition,23385,0,0.3807,237641.37,aci_fiscal_heavy
2020,ON,low_quality_student,29600,0,0.3807,-211205.93,aci_fiscal_heavy
2020,ON,low_wage_worker,31830,0,0.3807,-180555.42,aci_fiscal_heavy
2020,ON,refugee,17285,1197,0.3807,-439889.84,aci_fiscal_heavy
2020,PE,family_class,35,0,,-133783.0,aci_fiscal_heavy
2020,PE,francophone_pr,0,116,0.5,444285.46,aci_fiscal_heavy
2020,PE,high_quality_student,760,0,,99711.36,aci_fiscal_heavy
2020,PE,high_wage_worker,1365,0,,412526.93,aci_fiscal_heavy
2020,PE,in_canada_transition,1140,0,,237641.37,aci_fiscal_heavy
2020,PE,low_quality_student,555,0,,-211205.93,aci_fiscal_heavy
2020,PE,low_wage_worker,1010,0,,-180555.42,aci_fiscal_heavy
2020,PE,refugee,45,1197,,-439889.84,aci_fiscal_heavy
2020,QC,family_class,7755,0,0.3764,-133783.0,aci_fiscal_heavy
2020,QC,francophone_pr,2790,116,0.3764,444285.46,aci_fiscal_heavy
2020,QC,high_quality_student,35110,0,0.3764,99711.36,aci_fiscal_heavy
2020,QC,high_wage_worker,55820,0,0.3764,412526.93,aci_fiscal_heavy
2020,QC,in_canada_transition,0,0,0.5,237641.37,aci_fiscal_heavy
2020,QC,low_quality_student,10040,0,0.3764,-211205.93,aci_fiscal_heavy
2020,QC,low_wage_worker,23155,0,0.3764,-180555.42,aci_fiscal_heavy
2020,QC,refugee,4670,1197,0.3764,-439889.84,aci_fiscal_heavy
2020,SK,family_class,1135,0,0.4558,-133783.0,aci_fiscal_heavy
2020,SK,francophone_pr,0,116,0.5,444285.46,aci_fiscal_heavy
2020,SK,high_quality_student,2650,0,0.4558,99711.36,aci_fiscal_heavy
2020,SK,high_wage_worker,5375,0,0.4558,412526.93,aci_fiscal_heavy
2020,SK,in_canada_transition,5610,0,0.4558,237641.37,aci_fiscal_heavy
2020,SK,low_quality_student,1030,0,0.4558,-211205.93,aci_fiscal_heavy
2020,SK,low_wage_worker,570,0,0.4558,-180555.42,aci_fiscal_heavy
2020,SK,refugee,410,1197,0.4558,-439889.84,aci_fiscal_heavy
2020,YT,family_class,5,0,,-133783.0,aci_fiscal_heavy
2020,YT,francophone_pr,0,116,0.5,444285.46,aci_fiscal_heavy
2020,YT,high_quality_student,70,0,,99711.36,aci_fiscal_heavy
2020,YT,high_wage_worker,455,0,,412526.93,aci_fiscal_heavy
2020,YT,in_canada_transition,90,0,,237641.37,aci_fiscal_heavy
2020,YT,low_quality_student,25,0,,-211205.93,aci_fiscal_heavy
2020,YT,low_wage_worker,65,0,,-180555.42,aci_fiscal_heavy
2020,YT,refugee,0,1197,0.5,-439889.84,aci_fiscal_heavy
2021,AB,family_class,10920,81130,0.4327,-133783.0,aci_fiscal_heavy
2021,AB,francophone_pr,0,2158,0.5,444285.46,aci_fiscal_heavy
2021,AB,high_quality_student,18095,356800,0.4327,99711.36,aci_fiscal_heavy
2021,AB,high_wage_worker,23510,339320,0.4327,412526.93,aci_fiscal_heavy
2021,AB,in_canada_transition,18875,213720,0.4327,237641.37,aci_fiscal_heavy
2021,AB,low_quality_student,6325,102675,0.4327,-211205.93,aci_fiscal_heavy
2021,AB,low_wage_worker,9625,138305,0.4327,-180555.42,aci_fiscal_heavy
2021,AB,refugee,8090,38446,0.4327,-439889.84,aci_fiscal_heavy
2021,BC,family_class,14275,0,0.4319,-133783.0,aci_fiscal_heavy
2021,BC,francophone_pr,0,154,0.5,444285.46,aci_fiscal_heavy
2021,BC,high_quality_student,67120,0,0.4319,99711.36,aci_fiscal_heavy
2021,BC,high_wage_worker,62425,0,0.4319,412526.93,aci_fiscal_heavy
2021,BC,in_canada_transition,46740,0,0.4319,237641.37,aci_fiscal_heavy
2021,BC,low_quality_student,30635,0,0.4319,-211205.93,aci_fiscal_heavy
2021,BC,low_wage_worker,30030,0,0.4319,-180555.42,aci_fiscal_heavy
2021,BC,refugee,5830,2746,0.4319,-439889.84,aci_fiscal_heavy
2021,MB,family_class,2330,0,0.4224,-133783.0,aci_fiscal_heavy
2021,MB,francophone_pr,0,154,0.5,444285.46,aci_fiscal_heavy
2021,MB,high_quality_student,9915,0,0.4224,99711.36,aci_fiscal_heavy
2021,MB,high_wage_worker,11405,0,0.4224,412526.93,aci_fiscal_heavy
2021,MB,in_canada_transition,12610,0,0.4224,237641.37,aci_fiscal_heavy
2021,MB,low_quality_student,3430,0,0.4224,-211205.93,aci_fiscal_heavy
2021,MB,low_wage_worker,3220,0,0.4224,-180555.42,aci_fiscal_heavy
2021,MB,refugee,1400,2746,0.4224,-439889.84,aci_fiscal_heavy
2021,NB,family_class,365,0,0.292,-133783.0,aci_fiscal_heavy
2021,NB,francophone_pr,0,154,0.5,444285.46,aci_fiscal_heavy
2021,NB,high_quality_student,4390,0,0.292,99711.36,aci_fiscal_heavy
2021,NB,high_wage_worker,4185,0,0.292,412526.93,aci_fiscal_heavy
2021,NB,in_canada_transition,4465,0,0.292,237641.37,aci_fiscal_heavy
2021,NB,low_quality_student,1675,0,0.292,-211205.93,aci_fiscal_heavy
2021,NB,low_wage_worker,3225,0,0.292,-180555.42,aci_fiscal_heavy
2021,NB,refugee,360,2746,0.292,-439889.84,aci_fiscal_heavy
2021,NL,family_class,145,0,0.3094,-133783.0,aci_fiscal_heavy
2021,NL,francophone_pr,0,154,0.5,444285.46,aci_fiscal_heavy
2021,NL,high_quality_student,2795,0,0.3094,99711.36,aci_fiscal_heavy
2021,NL,high_wage_worker,1645,0,0.3094,412526.93,aci_fiscal_heavy
2021,NL,in_canada_transition,1300,0,0.3094,237641.37,aci_fiscal_heavy
2021,NL,low_quality_student,575,0,0.3094,-211205.93,aci_fiscal_heavy
2021,NL,low_wage_worker,685,0,0.3094,-180555.42,aci_fiscal_heavy
2021,NL,refugee,510,2746,0.3094,-439889.84,aci_fiscal_heavy
2021,NS,family_class,695,0,0.3335,-133783.0,aci_fiscal_heavy
2021,NS,francophone_pr,0,154,0.5,444285.46,aci_fiscal_heavy
2021,NS,high_quality_student,7940,0,0.3335,99711.36,aci_fiscal_heavy
2021,NS,high_wage_worker,7015,0,0.3335,412526.93,aci_fiscal_heavy
2021,NS,in_canada_transition,7540,0,0.3335,237641.37,aci_fiscal_heavy
2021,NS,low_quality_student,2290,0,0.3335,-211205.93,aci_fiscal_heavy
2021,NS,low_wage_worker,3355,0,0.3335,-180555.42,aci_fiscal_heavy
2021,NS,refugee,795,2746,0.3335,-439889.84,aci_fiscal_heavy
2021,NT,family_class,55,0,,-133783.0,aci_fiscal_heavy
2021,NT,francophone_pr,0,154,0.5,444285.46,aci_fiscal_heavy
2021,NT,high_quality_student,0,0,0.5,99711.36,aci_fiscal_heavy
2021,NT,high_wage_worker,55,0,,412526.93,aci_fiscal_heavy
2021,NT,in_canada_transition,180,0,,237641.37,aci_fiscal_heavy
2021,NT,low_quality_student,0,0,0.5,-211205.93,aci_fiscal_heavy
2021,NT,low_wage_worker,10,0,,-180555.42,aci_fiscal_heavy
2021,NT,refugee,5,2746,,-439889.84,aci_fiscal_heavy
2021,NU,family_class,0,0,0.5,-133783.0,aci_fiscal_heavy
2021,NU,francophone_pr,0,154,0.5,444285.46,aci_fiscal_heavy
2021,NU,high_quality_student,0,0,0.5,99711.36,aci_fiscal_heavy
2021,NU,high_wage_worker,0,0,0.5,412526.93,aci_fiscal_heavy
2021,NU,in_canada_transition,0,0,0.5,237641.37,aci_fiscal_heavy
2021,NU,low_quality_student,0,0,0.5,-211205.93,aci_fiscal_heavy
2021,NU,low_wage_worker,25,0,,-180555.42,aci_fiscal_heavy
2021,NU,refugee,0,2746,0.5,-439889.84,aci_fiscal_heavy
2021,ON,family_class,36680,0,0.3744,-133783.0,aci_fiscal_heavy
2021,ON,francophone_pr,0,154,0.5,444285.46,aci_fiscal_heavy
2021,ON,high_quality_student,186605,0,0.3744,99711.36,aci_fiscal_heavy
2021,ON,high_wage_worker,140275,0,0.3744,412526.93,aci_fiscal_heavy
2021,ON,in_canada_transition,111020,0,0.3744,237641.37,aci_fiscal_heavy
2021,ON,low_quality_student,42430,0,0.3744,-211205.93,aci_fiscal_heavy
2021,ON,low_wage_worker,49630,0,0.3744,-180555.42,aci_fiscal_heavy
2021,ON,refugee,43805,2746,0.3744,-439889.84,aci_fiscal_heavy
2021,PE,family_class,110,0,,-133783.0,aci_fiscal_heavy
2021,PE,francophone_pr,0,154,0.5,444285.46,aci_fiscal_heavy
2021,PE,high_quality_student,1240,0,,99711.36,aci_fiscal_heavy
2021,PE,high_wage_worker,1900,0,,412526.93,aci_fiscal_heavy
2021,PE,in_canada_transition,2390,0,,237641.37,aci_fiscal_heavy
2021,PE,low_quality_student,690,0,,-211205.93,aci_fiscal_heavy
2021,PE,low_wage_worker,1635,0,,-180555.42,aci_fiscal_heavy
2021,PE,refugee,50,2746,,-439889.84,aci_fiscal_heavy
2021,QC,family_class,13870,0,0.4266,-133783.0,aci_fiscal_heavy
2021,QC,francophone_pr,4008,154,0.4266,444285.46,aci_fiscal_heavy
2021,QC,high_quality_student,53625,0,0.4266,99711.36,aci_fiscal_heavy
2021,QC,high_wage_worker,80170,0,0.4266,412526.93,aci_fiscal_heavy
2021,QC,in_canada_transition,0,0,0.5,237641.37,aci_fiscal_heavy
2021,QC,low_quality_student,12900,0,0.4266,-211205.93,aci_fiscal_heavy
2021,QC,low_wage_worker,35220,0,0.4266,-180555.42,aci_fiscal_heavy
2021,QC,refugee,9540,2746,0.4266,-439889.84,aci_fiscal_heavy
2021,SK,family_class,1645,0,0.4723,-133783.0,aci_fiscal_heavy
2021,SK,francophone_pr,0,154,0.5,444285.46,aci_fiscal_heavy
2021,SK,high_quality_student,4965,0,0.4723,99711.36,aci_fiscal_heavy
2021,SK,high_wage_worker,6255,0,0.4723,412526.93,aci_fiscal_heavy
2021,SK,in_canada_transition,8115,0,0.4723,237641.37,aci_fiscal_heavy
2021,SK,low_quality_student,1650,0,0.4723,-211205.93,aci_fiscal_heavy
2021,SK,low_wage_worker,1520,0,0.4723,-180555.42,aci_fiscal_heavy
2021,SK,refugee,1010,2746,0.4723,-439889.84,aci_fiscal_heavy
2021,YT,family_class,40,0,,-133783.0,aci_fiscal_heavy
2021,YT,francophone_pr,0,154,0.5,444285.46,aci_fiscal_heavy
2021,YT,high_quality_student,110,0,,99711.36,aci_fiscal_heavy
2021,YT,high_wage_worker,480,0,,412526.93,aci_fiscal_heavy
2021,YT,in_canada_transition,485,0,,237641.37,aci_fiscal_heavy
2021,YT,low_quality_student,75,0,,-211205.93,aci_fiscal_heavy
2021,YT,low_wage_worker,125,0,,-180555.42,aci_fiscal_heavy
2021,YT,refugee,5,2746,,-439889.84,aci_fiscal_heavy
2022,AB,family_class,14110,97095,0.416,-133783.0,aci_fiscal_heavy
2022,AB,francophone_pr,0,2792,0.5,444285.46,aci_fiscal_heavy
2022,AB,high_quality_student,20475,437715,0.416,99711.36,aci_fiscal_heavy
2022,AB,high_wage_worker,29615,435510,0.416,412526.93,aci_fiscal_heavy
2022,AB,in_canada_transition,16835,162085,0.416,237641.37,aci_fiscal_heavy
2022,AB,low_quality_student,8970,126355,0.416,-211205.93,aci_fiscal_heavy
2022,AB,low_wage_worker,28655,242145,0.416,-180555.42,aci_fiscal_heavy
2022,AB,refugee,13435,45390,0.416,-439889.84,aci_fiscal_heavy
2022,BC,family_class,16480,0,0.5233,-133783.0,aci_fiscal_heavy
2022,BC,francophone_pr,0,199,0.5,444285.46,aci_fiscal_heavy
2022,BC,high_quality_student,80050,0,0.5233,99711.36,aci_fiscal_heavy
2022,BC,high_wage_worker,77875,0,0.5233,412526.93,aci_fiscal_heavy
2022,BC,in_canada_transition,29030,0,0.5233,237641.37,aci_fiscal_heavy
2022,BC,low_quality_student,34290,0,0.5233,-211205.93,aci_fiscal_heavy
2022,BC,low_wage_worker,48120,0,0.5233,-180555.42,aci_fiscal_heavy
2022,BC,refugee,7905,3242,0.5233,-439889.84,aci_fiscal_heavy
2022,MB,family_class,2785,0,0.4792,-133783.0,aci_fiscal_heavy
2022,MB,francophone_pr,0,199,0.5,444285.46,aci_fiscal_heavy
2022,MB,high_quality_student,11210,0,0.4792,99711.36,aci_fiscal_heavy
2022,MB,high_wage_worker,11355,0,0.4792,412526.93,aci_fiscal_heavy
2022,MB,in_canada_transition,15980,0,0.4792,237641.37,aci_fiscal_heavy
2022,MB,low_quality_student,4345,0,0.4792,-211205.93,aci_fiscal_heavy
2022,MB,low_wage_worker,11350,0,0.4792,-180555.42,aci_fiscal_heavy
2022,MB,refugee,2235,3242,0.4792,-439889.84,aci_fiscal_heavy
2022,NB,family_class,480,0,0.3234,-133783.0,aci_fiscal_heavy
2022,NB,francophone_pr,0,199,0.5,444285.46,aci_fiscal_heavy
2022,NB,high_quality_student,5635,0,0.3234,99711.36,aci_fiscal_heavy
2022,NB,high_wage_worker,4975,0,0.3234,412526.93,aci_fiscal_heavy
2022,NB,in_canada_transition,8015,0,0.3234,237641.37,aci_fiscal_heavy
2022,NB,low_quality_student,2215,0,0.3234,-211205.93,aci_fiscal_heavy
2022,NB,low_wage_worker,5705,0,0.3234,-180555.42,aci_fiscal_heavy
2022,NB,refugee,1280,3242,0.3234,-439889.84,aci_fiscal_heavy
2022,NL,family_class,180,0,0.3101,-133783.0,aci_fiscal_heavy
2022,NL,francophone_pr,0,199,0.5,444285.46,aci_fiscal_heavy
2022,NL,high_quality_student,3100,0,0.3101,99711.36,aci_fiscal_heavy
2022,NL,high_wage_worker,2130,0,0.3101,412526.93,aci_fiscal_heavy
2022,NL,in_canada_transition,2305,0,0.3101,237641.37,aci_fiscal_heavy
2022,NL,low_quality_student,885,0,0.3101,-211205.93,aci_fiscal_heavy
2022,NL,low_wage_worker,2495,0,0.3101,-180555.42,aci_fiscal_heavy
2022,NL,refugee,875,3242,0.3101,-439889.84,aci_fiscal_heavy
2022,NS,family_class,1035,0,0.3354,-133783.0,aci_fiscal_heavy
2022,NS,francophone_pr,0,199,0.5,444285.46,aci_fiscal_heavy
2022,NS,high_quality_student,9915,0,0.3354,99711.36,aci_fiscal_heavy
2022,NS,high_wage_worker,8185,0,0.3354,412526.93,aci_fiscal_heavy
2022,NS,in_canada_transition,9895,0,0.3354,237641.37,aci_fiscal_heavy
2022,NS,low_quality_student,3565,0,0.3354,-211205.93,aci_fiscal_heavy
2022,NS,low_wage_worker,5645,0,0.3354,-180555.42,aci_fiscal_heavy
2022,NS,refugee,1390,3242,0.3354,-439889.84,aci_fiscal_heavy
2022,NT,family_class,30,0,,-133783.0,aci_fiscal_heavy
2022,NT,francophone_pr,0,199,0.5,444285.46,aci_fiscal_heavy
2022,NT,high_quality_student,0,0,0.5,99711.36,aci_fiscal_heavy
2022,NT,high_wage_worker,50,0,,412526.93,aci_fiscal_heavy
2022,NT,in_canada_transition,110,0,,237641.37,aci_fiscal_heavy
2022,NT,low_quality_student,10,0,,-211205.93,aci_fiscal_heavy
2022,NT,low_wage_worker,60,0,,-180555.42,aci_fiscal_heavy
2022,NT,refugee,0,3242,0.5,-439889.84,aci_fiscal_heavy
2022,NU,family_class,0,0,0.5,-133783.0,aci_fiscal_heavy
2022,NU,francophone_pr,0,199,0.5,444285.46,aci_fiscal_heavy
2022,NU,high_quality_student,0,0,0.5,99711.36,aci_fiscal_heavy
2022,NU,high_wage_worker,10,0,,412526.93,aci_fiscal_heavy
2022,NU,in_canada_transition,0,0,0.5,237641.37,aci_fiscal_heavy
2022,NU,low_quality_student,0,0,0.5,-211205.93,aci_fiscal_heavy
2022,NU,low_wage_worker,10,0,,-180555.42,aci_fiscal_heavy
2022,NU,refugee,0,3242,0.5,-439889.84,aci_fiscal_heavy
2022,ON,family_class,46735,0,0.4266,-133783.0,aci_fiscal_heavy
2022,ON,francophone_pr,0,199,0.5,444285.46,aci_fiscal_heavy
2022,ON,high_quality_student,247135,0,0.4266,99711.36,aci_fiscal_heavy
2022,ON,high_wage_worker,187325,0,0.4266,412526.93,aci_fiscal_heavy
2022,ON,in_canada_transition,60190,0,0.4266,237641.37,aci_fiscal_heavy
2022,ON,low_quality_student,55035,0,0.4266,-211205.93,aci_fiscal_heavy
2022,ON,low_wage_worker,86490,0,0.4266,-180555.42,aci_fiscal_heavy
2022,ON,refugee,44890,3242,0.4266,-439889.84,aci_fiscal_heavy
2022,PE,family_class,135,0,,-133783.0,aci_fiscal_heavy
2022,PE,francophone_pr,0,199,0.5,444285.46,aci_fiscal_heavy
2022,PE,high_quality_student,1630,0,,99711.36,aci_fiscal_heavy
2022,PE,high_wage_worker,2350,0,,412526.93,aci_fiscal_heavy
2022,PE,in_canada_transition,2360,0,,237641.37,aci_fiscal_heavy
2022,PE,low_quality_student,840,0,,-211205.93,aci_fiscal_heavy
2022,PE,low_wage_worker,1705,0,,-180555.42,aci_fiscal_heavy
2022,PE,refugee,70,3242,,-439889.84,aci_fiscal_heavy
2022,QC,family_class,12910,0,0.4712,-133783.0,aci_fiscal_heavy
2022,QC,francophone_pr,5186,199,0.4712,444285.46,aci_fiscal_heavy
2022,QC,high_quality_student,52205,0,0.4712,99711.36,aci_fiscal_heavy
2022,QC,high_wage_worker,103740,0,0.4712,412526.93,aci_fiscal_heavy
2022,QC,in_canada_transition,0,0,0.5,237641.37,aci_fiscal_heavy
2022,QC,low_quality_student,13695,0,0.4712,-211205.93,aci_fiscal_heavy
2022,QC,low_wage_worker,47740,0,0.4712,-180555.42,aci_fiscal_heavy
2022,QC,refugee,10245,3242,0.4712,-439889.84,aci_fiscal_heavy
2022,SK,family_class,2155,0,0.4859,-133783.0,aci_fiscal_heavy
2022,SK,francophone_pr,0,199,0.5,444285.46,aci_fiscal_heavy
2022,SK,high_quality_student,6295,0,0.4859,99711.36,aci_fiscal_heavy
2022,SK,high_wage_worker,7360,0,0.4859,412526.93,aci_fiscal_heavy
2022,SK,in_canada_transition,17050,0,0.4859,237641.37,aci_fiscal_heavy
2022,SK,low_quality_student,2415,0,0.4859,-211205.93,aci_fiscal_heavy
2022,SK,low_wage_worker,4050,0,0.4859,-180555.42,aci_fiscal_heavy
2022,SK,refugee,1965,3242,0.4859,-439889.84,aci_fiscal_heavy
2022,YT,family_class,60,0,,-133783.0,aci_fiscal_heavy
2022,YT,francophone_pr,0,199,0.5,444285.46,aci_fiscal_heavy
2022,YT,high_quality_student,65,0,,99711.36,aci_fiscal_heavy
2022,YT,high_wage_worker,540,0,,412526.93,aci_fiscal_heavy
2022,YT,in_canada_transition,315,0,,237641.37,aci_fiscal_heavy
2022,YT,low_quality_student,90,0,,-211205.93,aci_fiscal_heavy
2022,YT,low_wage_worker,120,0,,-180555.42,aci_fiscal_heavy
2022,YT,refugee,5,3242,,-439889.84,aci_fiscal_heavy
2023,AB,family_class,17030,109490,0.3942,-133783.0,aci_fiscal_heavy
2023,AB,francophone_pr,0,2889,0.5,444285.46,aci_fiscal_heavy
2023,AB,high_quality_student,28985,534735,0.3942,99711.36,aci_fiscal_heavy
2023,AB,high_wage_worker,47030,614700,0.3942,412526.93,aci_fiscal_heavy
2023,AB,in_canada_transition,20445,193200,0.3942,237641.37,aci_fiscal_heavy
2023,AB,low_quality_student,14205,161800,0.3942,-211205.93,aci_fiscal_heavy
2023,AB,low_wage_worker,49685,376190,0.3942,-180555.42,aci_fiscal_heavy
2023,AB,refugee,15480,47972,0.3942,-439889.84,aci_fiscal_heavy
2023,BC,family_class,18080,0,0.4679,-133783.0,aci_fiscal_heavy
2023,BC,francophone_pr,0,206,0.5,444285.46,aci_fiscal_heavy
2023,BC,high_quality_student,93895,0,0.4679,99711.36,aci_fiscal_heavy
2023,BC,high_wage_worker,104555,0,0.4679,412526.93,aci_fiscal_heavy
2023,BC,in_canada_transition,35725,0,0.4679,237641.37,aci_fiscal_heavy
2023,BC,low_quality_student,36875,0,0.4679,-211205.93,aci_fiscal_heavy
2023,BC,low_wage_worker,71565,0,0.4679,-180555.42,aci_fiscal_heavy
2023,BC,refugee,10050,3427,0.4679,-439889.84,aci_fiscal_heavy
2023,MB,family_class,3425,0,0.4124,-133783.0,aci_fiscal_heavy
2023,MB,francophone_pr,0,206,0.5,444285.46,aci_fiscal_heavy
2023,MB,high_quality_student,14185,0,0.4124,99711.36,aci_fiscal_heavy
2023,MB,high_wage_worker,17880,0,0.4124,412526.93,aci_fiscal_heavy
2023,MB,in_canada_transition,17640,0,0.4124,237641.37,aci_fiscal_heavy
2023,MB,low_quality_student,5870,0,0.4124,-211205.93,aci_fiscal_heavy
2023,MB,low_wage_worker,17435,0,0.4124,-180555.42,aci_fiscal_heavy
2023,MB,refugee,3200,3427,0.4124,-439889.84,aci_fiscal_heavy
2023,NB,family_class,585,0,0.3313,-133783.0,aci_fiscal_heavy
2023,NB,francophone_pr,0,206,0.5,444285.46,aci_fiscal_heavy
2023,NB,high_quality_student,7910,0,0.3313,99711.36,aci_fiscal_heavy
2023,NB,high_wage_worker,9965,0,0.3313,412526.93,aci_fiscal_heavy
2023,NB,in_canada_transition,8855,0,0.3313,237641.37,aci_fiscal_heavy
2023,NB,low_quality_student,3285,0,0.3313,-211205.93,aci_fiscal_heavy
2023,NB,low_wage_worker,7175,0,0.3313,-180555.42,aci_fiscal_heavy
2023,NB,refugee,1305,3427,0.3313,-439889.84,aci_fiscal_heavy
2023,NL,family_class,250,0,0.2551,-133783.0,aci_fiscal_heavy
2023,NL,francophone_pr,0,206,0.5,444285.46,aci_fiscal_heavy
2023,NL,high_quality_student,3295,0,0.2551,99711.36,aci_fiscal_heavy
2023,NL,high_wage_worker,3145,0,0.2551,412526.93,aci_fiscal_heavy
2023,NL,in_canada_transition,3960,0,0.2551,237641.37,aci_fiscal_heavy
2023,NL,low_quality_student,955,0,0.2551,-211205.93,aci_fiscal_heavy
2023,NL,low_wage_worker,3135,0,0.2551,-180555.42,aci_fiscal_heavy
2023,NL,refugee,1155,3427,0.2551,-439889.84,aci_fiscal_heavy
2023,NS,family_class,1170,0,0.3717,-133783.0,aci_fiscal_heavy
2023,NS,francophone_pr,0,206,0.5,444285.46,aci_fiscal_heavy
2023,NS,high_quality_student,11685,0,0.3717,99711.36,aci_fiscal_heavy
2023,NS,high_wage_worker,13690,0,0.3717,412526.93,aci_fiscal_heavy
2023,NS,in_canada_transition,8660,0,0.3717,237641.37,aci_fiscal_heavy
2023,NS,low_quality_student,4705,0,0.3717,-211205.93,aci_fiscal_heavy
2023,NS,low_wage_worker,7870,0,0.3717,-180555.42,aci_fiscal_heavy
2023,NS,refugee,1585,3427,0.3717,-439889.84,aci_fiscal_heavy
2023,NT,family_class,50,0,,-133783.0,aci_fiscal_heavy
2023,NT,francophone_pr,0,206,0.5,444285.46,aci_fiscal_heavy
2023,NT,high_quality_student,0,0,0.5,99711.36,aci_fiscal_heavy
2023,NT,high_wage_worker,230,0,,412526.93,aci_fiscal_heavy
2023,NT,in_canada_transition,145,0,,237641.37,aci_fiscal_heavy
2023,NT,low_quality_student,20,0,,-211205.93,aci_fiscal_heavy
2023,NT,low_wage_worker,140,0,,-180555.42,aci_fiscal_heavy
2023,NT,refugee,0,3427,0.5,-439889.84,aci_fiscal_heavy
2023,NU,family_class,0,0,0.5,-133783.0,aci_fiscal_heavy
2023,NU,francophone_pr,0,206,0.5,444285.46,aci_fiscal_heavy
2023,NU,high_quality_student,0,0,0.5,99711.36,aci_fiscal_heavy
2023,NU,high_wage_worker,30,0,,412526.93,aci_fiscal_heavy
2023,NU,in_canada_transition,0,0,0.5,237641.37,aci_fiscal_heavy
2023,NU,low_quality_student,0,0,0.5,-211205.93,aci_fiscal_heavy
2023,NU,low_wage_worker,80,0,,-180555.42,aci_fiscal_heavy
2023,NU,refugee,5,3427,,-439889.84,aci_fiscal_heavy
2023,ON,family_class,56125,0,0.4288,-133783.0,aci_fiscal_heavy
2023,ON,francophone_pr,0,206,0.5,444285.46,aci_fiscal_heavy
2023,ON,high_quality_student,302230,0,0.4288,99711.36,aci_fiscal_heavy
2023,ON,high_wage_worker,294435,0,0.4288,412526.93,aci_fiscal_heavy
2023,ON,in_canada_transition,72885,0,0.4288,237641.37,aci_fiscal_heavy
2023,ON,low_quality_student,71715,0,0.4288,-211205.93,aci_fiscal_heavy
2023,ON,low_wage_worker,135545,0,0.4288,-180555.42,aci_fiscal_heavy
2023,ON,refugee,48290,3427,0.4288,-439889.84,aci_fiscal_heavy
2023,PE,family_class,130,0,,-133783.0,aci_fiscal_heavy
2023,PE,francophone_pr,0,206,0.5,444285.46,aci_fiscal_heavy
2023,PE,high_quality_student,1900,0,,99711.36,aci_fiscal_heavy
2023,PE,high_wage_worker,3265,0,,412526.93,aci_fiscal_heavy
2023,PE,in_canada_transition,3205,0,,237641.37,aci_fiscal_heavy
2023,PE,low_quality_student,1260,0,,-211205.93,aci_fiscal_heavy
2023,PE,low_wage_worker,2285,0,,-180555.42,aci_fiscal_heavy
2023,PE,refugee,165,3427,,-439889.84,aci_fiscal_heavy
2023,QC,family_class,10300,0,0.4434,-133783.0,aci_fiscal_heavy
2023,QC,francophone_pr,5366,206,0.4434,444285.46,aci_fiscal_heavy
2023,QC,high_quality_student,61670,0,0.4434,99711.36,aci_fiscal_heavy
2023,QC,high_wage_worker,107365,0,0.4434,412526.93,aci_fiscal_heavy
2023,QC,in_canada_transition,0,0,0.5,237641.37,aci_fiscal_heavy
2023,QC,low_quality_student,19280,0,0.4434,-211205.93,aci_fiscal_heavy
2023,QC,low_wage_worker,75315,0,0.4434,-180555.42,aci_fiscal_heavy
2023,QC,refugee,6315,3427,0.4434,-439889.84,aci_fiscal_heavy
2023,SK,family_class,2265,0,0.4697,-133783.0,aci_fiscal_heavy
2023,SK,francophone_pr,0,206,0.5,444285.46,aci_fiscal_heavy
2023,SK,high_quality_student,8875,0,0.4697,99711.36,aci_fiscal_heavy
2023,SK,high_wage_worker,12250,0,0.4697,412526.93,aci_fiscal_heavy
2023,SK,in_canada_transition,20970,0,0.4697,237641.37,aci_fiscal_heavy
2023,SK,low_quality_student,3490,0,0.4697,-211205.93,aci_fiscal_heavy
2023,SK,low_wage_worker,5720,0,0.4697,-180555.42,aci_fiscal_heavy
2023,SK,refugee,1530,3427,0.4697,-439889.84,aci_fiscal_heavy
2023,YT,family_class,80,0,,-133783.0,aci_fiscal_heavy
2023,YT,francophone_pr,0,206,0.5,444285.46,aci_fiscal_heavy
2023,YT,high_quality_student,105,0,,99711.36,aci_fiscal_heavy
2023,YT,high_wage_worker,860,0,,412526.93,aci_fiscal_heavy
2023,YT,in_canada_transition,710,0,,237641.37,aci_fiscal_heavy
2023,YT,low_quality_student,140,0,,-211205.93,aci_fiscal_heavy
2023,YT,low_wage_worker,240,0,,-180555.42,aci_fiscal_heavy
2023,YT,refugee,10,3427,,-439889.84,aci_fiscal_heavy
2024,AB,family_class,16840,105740,0.4133,-133783.0,aci_fiscal_heavy
2024,AB,francophone_pr,0,2783,0.5,444285.46,aci_fiscal_heavy
2024,AB,high_quality_student,25935,378075,0.4133,99711.36,aci_fiscal_heavy
2024,AB,high_wage_worker,48775,573990,0.4133,412526.93,aci_fiscal_heavy
2024,AB,in_canada_transition,23360,180780,0.4133,237641.37,aci_fiscal_heavy
2024,AB,low_quality_student,14555,149680,0.4133,-211205.93,aci_fiscal_heavy
2024,AB,low_wage_worker,56460,375290,0.4133,-180555.42,aci_fiscal_heavy
2024,AB,refugee,18460,51555,0.4133,-439889.84,aci_fiscal_heavy
2024,BC,family_class,17455,0,0.4538,-133783.0,aci_fiscal_heavy
2024,BC,francophone_pr,0,199,0.5,444285.46,aci_fiscal_heavy
2024,BC,high_quality_student,71825,0,0.4538,99711.36,aci_fiscal_heavy
2024,BC,high_wage_worker,93605,0,0.4538,412526.93,aci_fiscal_heavy
2024,BC,in_canada_transition,27085,0,0.4538,237641.37,aci_fiscal_heavy
2024,BC,low_quality_student,32445,0,0.4538,-211205.93,aci_fiscal_heavy
2024,BC,low_wage_worker,68050,0,0.4538,-180555.42,aci_fiscal_heavy
2024,BC,refugee,9685,3682,0.4538,-439889.84,aci_fiscal_heavy
2024,MB,family_class,3550,0,,-133783.0,aci_fiscal_heavy
2024,MB,francophone_pr,0,199,0.5,444285.46,aci_fiscal_heavy
2024,MB,high_quality_student,10625,0,,99711.36,aci_fiscal_heavy
2024,MB,high_wage_worker,16525,0,,412526.93,aci_fiscal_heavy
2024,MB,in_canada_transition,15870,0,,237641.37,aci_fiscal_heavy
2024,MB,low_quality_student,5215,0,,-211205.93,aci_fiscal_heavy
2024,MB,low_wage_worker,16815,0,,-180555.42,aci_fiscal_heavy
2024,MB,refugee,3600,3682,,-439889.84,aci_fiscal_heavy
2024,NB,family_class,760,0,0.3554,-133783.0,aci_fiscal_heavy
2024,NB,francophone_pr,0,199,0.5,444285.46,aci_fiscal_heavy
2024,NB,high_quality_student,5365,0,0.3554,99711.36,aci_fiscal_heavy
2024,NB,high_wage_worker,11580,0,0.3554,412526.93,aci_fiscal_heavy
2024,NB,in_canada_transition,11395,0,0.3554,237641.37,aci_fiscal_heavy
2024,NB,low_quality_student,2945,0,0.3554,-211205.93,aci_fiscal_heavy
2024,NB,low_wage_worker,6240,0,0.3554,-180555.42,aci_fiscal_heavy
2024,NB,refugee,1045,3682,0.3554,-439889.84,aci_fiscal_heavy
2024,NL,family_class,275,0,0.3593,-133783.0,aci_fiscal_heavy
2024,NL,francophone_pr,0,199,0.5,444285.46,aci_fiscal_heavy
2024,NL,high_quality_student,2270,0,0.3593,99711.36,aci_fiscal_heavy
2024,NL,high_wage_worker,4075,0,0.3593,412526.93,aci_fiscal_heavy
2024,NL,in_canada_transition,4460,0,0.3593,237641.37,aci_fiscal_heavy
2024,NL,low_quality_student,1200,0,0.3593,-211205.93,aci_fiscal_heavy
2024,NL,low_wage_worker,3845,0,0.3593,-180555.42,aci_fiscal_heavy
2024,NL,refugee,785,3682,0.3593,-439889.84,aci_fiscal_heavy
2024,NS,family_class,1205,0,0.3711,-133783.0,aci_fiscal_heavy
2024,NS,francophone_pr,0,199,0.5,444285.46,aci_fiscal_heavy
2024,NS,high_quality_student,7195,0,0.3711,99711.36,aci_fiscal_heavy
2024,NS,high_wage_worker,13260,0,0.3711,412526.93,aci_fiscal_heavy
2024,NS,in_canada_transition,11185,0,0.3711,237641.37,aci_fiscal_heavy
2024,NS,low_quality_student,3980,0,0.3711,-211205.93,aci_fiscal_heavy
2024,NS,low_wage_worker,6985,0,0.3711,-180555.42,aci_fiscal_heavy
2024,NS,refugee,1350,3682,0.3711,-439889.84,aci_fiscal_heavy
2024,NT,family_class,75,0,,-133783.0,aci_fiscal_heavy
2024,NT,francophone_pr,0,199,0.5,444285.46,aci_fiscal_heavy
2024,NT,high_quality_student,20,0,,99711.36,aci_fiscal_heavy
2024,NT,high_wage_worker,195,0,,412526.93,aci_fiscal_heavy
2024,NT,in_canada_transition,235,0,,237641.37,aci_fiscal_heavy
2024,NT,low_quality_student,30,0,,-211205.93,aci_fiscal_heavy
2024,NT,low_wage_worker,135,0,,-180555.42,aci_fiscal_heavy
2024,NT,refugee,20,3682,,-439889.84,aci_fiscal_heavy
2024,NU,family_class,20,0,,-133783.0,aci_fiscal_heavy
2024,NU,francophone_pr,0,199,0.5,444285.46,aci_fiscal_heavy
2024,NU,high_quality_student,0,0,0.5,99711.36,aci_fiscal_heavy
2024,NU,high_wage_worker,0,0,0.5,412526.93,aci_fiscal_heavy
2024,NU,in_canada_transition,0,0,0.5,237641.37,aci_fiscal_heavy
2024,NU,low_quality_student,5,0,,-211205.93,aci_fiscal_heavy
2024,NU,low_wage_worker,65,0,,-180555.42,aci_fiscal_heavy
2024,NU,refugee,0,3682,0.5,-439889.84,aci_fiscal_heavy
2024,ON,family_class,52670,0,0.38,-133783.0,aci_fiscal_heavy
2024,ON,francophone_pr,0,199,0.5,444285.46,aci_fiscal_heavy
2024,ON,high_quality_student,196680,0,0.38,99711.36,aci_fiscal_heavy
2024,ON,high_wage_worker,267450,0,0.38,412526.93,aci_fiscal_heavy
2024,ON,in_canada_transition,64335,0,0.38,237641.37,aci_fiscal_heavy
2024,ON,low_quality_student,60560,0,0.38,-211205.93,aci_fiscal_heavy
2024,ON,low_wage_worker,128115,0,0.38,-180555.42,aci_fiscal_heavy
2024,ON,refugee,51075,3682,0.38,-439889.84,aci_fiscal_heavy
2024,PE,family_class,180,0,,-133783.0,aci_fiscal_heavy
2024,PE,francophone_pr,0,199,0.5,444285.46,aci_fiscal_heavy
2024,PE,high_quality_student,1140,0,,99711.36,aci_fiscal_heavy
2024,PE,high_wage_worker,2660,0,,412526.93,aci_fiscal_heavy
2024,PE,in_canada_transition,3570,0,,237641.37,aci_fiscal_heavy
2024,PE,low_quality_student,1080,0,,-211205.93,aci_fiscal_heavy
2024,PE,low_wage_worker,1875,0,,-180555.42,aci_fiscal_heavy
2024,PE,refugee,105,3682,,-439889.84,aci_fiscal_heavy
2024,QC,family_class,10390,0,0.4662,-133783.0,aci_fiscal_heavy
2024,QC,francophone_pr,5168,199,0.4662,444285.46,aci_fiscal_heavy
2024,QC,high_quality_student,50770,0,0.4662,99711.36,aci_fiscal_heavy
2024,QC,high_wage_worker,103395,0,0.4662,412526.93,aci_fiscal_heavy
2024,QC,in_canada_transition,0,0,0.5,237641.37,aci_fiscal_heavy
2024,QC,low_quality_student,24055,0,0.4662,-211205.93,aci_fiscal_heavy
2024,QC,low_wage_worker,79550,0,0.4662,-180555.42,aci_fiscal_heavy
2024,QC,refugee,7840,3682,0.4662,-439889.84,aci_fiscal_heavy
2024,SK,family_class,2250,0,0.4258,-133783.0,aci_fiscal_heavy
2024,SK,francophone_pr,0,199,0.5,444285.46,aci_fiscal_heavy
2024,SK,high_quality_student,6150,0,0.4258,99711.36,aci_fiscal_heavy
2024,SK,high_wage_worker,11770,0,0.4258,412526.93,aci_fiscal_heavy
2024,SK,in_canada_transition,18505,0,0.4258,237641.37,aci_fiscal_heavy
2024,SK,low_quality_student,3515,0,0.4258,-211205.93,aci_fiscal_heavy
2024,SK,low_wage_worker,6905,0,0.4258,-180555.42,aci_fiscal_heavy
2024,SK,refugee,1780,3682,0.4258,-439889.84,aci_fiscal_heavy
2024,YT,family_class,70,0,,-133783.0,aci_fiscal_heavy
2024,YT,francophone_pr,0,199,0.5,444285.46,aci_fiscal_heavy
2024,YT,high_quality_student,100,0,,99711.36,aci_fiscal_heavy
2024,YT,high_wage_worker,700,0,,412526.93,aci_fiscal_heavy
2024,YT,in_canada_transition,780,0,,237641.37,aci_fiscal_heavy
2024,YT,low_quality_student,95,0,,-211205.93,aci_fiscal_heavy
2024,YT,low_wage_worker,250,0,,-180555.42,aci_fiscal_heavy
2024,YT,refugee,0,3682,0.5,-439889.84,aci_fiscal_heavy
2025,AB,family_class,15735,95930,,-133783.0,aci_fiscal_heavy
2025,AB,francophone_pr,0,2473,0.5,444285.46,aci_fiscal_heavy
2025,AB,high_quality_student,18040,256235,,99711.36,aci_fiscal_heavy
2025,AB,high_wage_worker,43555,484035,,412526.93,aci_fiscal_heavy
2025,AB,in_canada_transition,16175,147025,,237641.37,aci_fiscal_heavy
2025,AB,low_quality_student,17415,144175,,-211205.93,aci_fiscal_heavy
2025,AB,low_wage_worker,41540,294670,,-180555.42,aci_fiscal_heavy
2025,AB,refugee,13995,37167,,-439889.84,aci_fiscal_heavy
2025,BC,family_class,15190,0,,-133783.0,aci_fiscal_heavy
2025,BC,francophone_pr,0,177,0.5,444285.46,aci_fiscal_heavy
2025,BC,high_quality_student,51070,0,,99711.36,aci_fiscal_heavy
2025,BC,high_wage_worker,76790,0,,412526.93,aci_fiscal_heavy
2025,BC,in_canada_transition,24195,0,,237641.37,aci_fiscal_heavy
2025,BC,low_quality_student,29735,0,,-211205.93,aci_fiscal_heavy
2025,BC,low_wage_worker,58630,0,,-180555.42,aci_fiscal_heavy
2025,BC,refugee,6940,2655,,-439889.84,aci_fiscal_heavy
2025,MB,family_class,3320,0,,-133783.0,aci_fiscal_heavy
2025,MB,francophone_pr,0,177,0.5,444285.46,aci_fiscal_heavy
2025,MB,high_quality_student,8790,0,,99711.36,aci_fiscal_heavy
2025,MB,high_wage_worker,14330,0,,412526.93,aci_fiscal_heavy
2025,MB,in_canada_transition,11960,0,,237641.37,aci_fiscal_heavy
2025,MB,low_quality_student,5405,0,,-211205.93,aci_fiscal_heavy
2025,MB,low_wage_worker,13840,0,,-180555.42,aci_fiscal_heavy
2025,MB,refugee,2720,2655,,-439889.84,aci_fiscal_heavy
2025,NB,family_class,830,0,,-133783.0,aci_fiscal_heavy
2025,NB,francophone_pr,0,177,0.5,444285.46,aci_fiscal_heavy
2025,NB,high_quality_student,4960,0,,99711.36,aci_fiscal_heavy
2025,NB,high_wage_worker,9350,0,,412526.93,aci_fiscal_heavy
2025,NB,in_canada_transition,7605,0,,237641.37,aci_fiscal_heavy
2025,NB,low_quality_student,3485,0,,-211205.93,aci_fiscal_heavy
2025,NB,low_wage_worker,5425,0,,-180555.42,aci_fiscal_heavy
2025,NB,refugee,655,2655,,-439889.84,aci_fiscal_heavy
2025,NL,family_class,285,0,,-133783.0,aci_fiscal_heavy
2025,NL,francophone_pr,0,177,0.5,444285.46,aci_fiscal_heavy
2025,NL,high_quality_student,2035,0,,99711.36,aci_fiscal_heavy
2025,NL,high_wage_worker,3315,0,,412526.93,aci_fiscal_heavy
2025,NL,in_canada_transition,4030,0,,237641.37,aci_fiscal_heavy
2025,NL,low_quality_student,1320,0,,-211205.93,aci_fiscal_heavy
2025,NL,low_wage_worker,2945,0,,-180555.42,aci_fiscal_heavy
2025,NL,refugee,610,2655,,-439889.84,aci_fiscal_heavy
2025,NS,family_class,1180,0,,-133783.0,aci_fiscal_heavy
2025,NS,francophone_pr,0,177,0.5,444285.46,aci_fiscal_heavy
2025,NS,high_quality_student,5195,0,,99711.36,aci_fiscal_heavy
2025,NS,high_wage_worker,12590,0,,412526.93,aci_fiscal_heavy
2025,NS,in_canada_transition,6630,0,,237641.37,aci_fiscal_heavy
2025,NS,low_quality_student,4590,0,,-211205.93,aci_fiscal_heavy
2025,NS,low_wage_worker,6120,0,,-180555.42,aci_fiscal_heavy
2025,NS,refugee,980,2655,,-439889.84,aci_fiscal_heavy
2025,NT,family_class,50,0,,-133783.0,aci_fiscal_heavy
2025,NT,francophone_pr,0,177,0.5,444285.46,aci_fiscal_heavy
2025,NT,high_quality_student,0,0,0.5,99711.36,aci_fiscal_heavy
2025,NT,high_wage_worker,240,0,,412526.93,aci_fiscal_heavy
2025,NT,in_canada_transition,285,0,,237641.37,aci_fiscal_heavy
2025,NT,low_quality_student,55,0,,-211205.93,aci_fiscal_heavy
2025,NT,low_wage_worker,90,0,,-180555.42,aci_fiscal_heavy
2025,NT,refugee,0,2655,0.5,-439889.84,aci_fiscal_heavy
2025,NU,family_class,5,0,,-133783.0,aci_fiscal_heavy
2025,NU,francophone_pr,0,177,0.5,444285.46,aci_fiscal_heavy
2025,NU,high_quality_student,0,0,0.5,99711.36,aci_fiscal_heavy
2025,NU,high_wage_worker,15,0,,412526.93,aci_fiscal_heavy
2025,NU,in_canada_transition,0,0,0.5,237641.37,aci_fiscal_heavy
2025,NU,low_quality_student,0,0,0.5,-211205.93,aci_fiscal_heavy
2025,NU,low_wage_worker,35,0,,-180555.42,aci_fiscal_heavy
2025,NU,refugee,0,2655,0.5,-439889.84,aci_fiscal_heavy
2025,ON,family_class,46650,0,,-133783.0,aci_fiscal_heavy
2025,ON,francophone_pr,0,177,0.5,444285.46,aci_fiscal_heavy
2025,ON,high_quality_student,117970,0,,99711.36,aci_fiscal_heavy
2025,ON,high_wage_worker,219490,0,,412526.93,aci_fiscal_heavy
2025,ON,in_canada_transition,63485,0,,237641.37,aci_fiscal_heavy
2025,ON,low_quality_student,55455,0,,-211205.93,aci_fiscal_heavy
2025,ON,low_wage_worker,97955,0,,-180555.42,aci_fiscal_heavy
2025,ON,refugee,34450,2655,,-439889.84,aci_fiscal_heavy
2025,PE,family_class,170,0,,-133783.0,aci_fiscal_heavy
2025,PE,francophone_pr,0,177,0.5,444285.46,aci_fiscal_heavy
2025,PE,high_quality_student,980,0,,99711.36,aci_fiscal_heavy
2025,PE,high_wage_worker,2070,0,,412526.93,aci_fiscal_heavy
2025,PE,in_canada_transition,1825,0,,237641.37,aci_fiscal_heavy
2025,PE,low_quality_student,1010,0,,-211205.93,aci_fiscal_heavy
2025,PE,low_wage_worker,1695,0,,-180555.42,aci_fiscal_heavy
2025,PE,refugee,80,2655,,-439889.84,aci_fiscal_heavy
2025,QC,family_class,10355,0,,-133783.0,aci_fiscal_heavy
2025,QC,francophone_pr,4592,177,,444285.46,aci_fiscal_heavy
2025,QC,high_quality_student,42705,0,,99711.36,aci_fiscal_heavy
2025,QC,high_wage_worker,91870,0,,412526.93,aci_fiscal_heavy
2025,QC,in_canada_transition,0,0,0.5,237641.37,aci_fiscal_heavy
2025,QC,low_quality_student,21840,0,,-211205.93,aci_fiscal_heavy
2025,QC,low_wage_worker,60555,0,,-180555.42,aci_fiscal_heavy
2025,QC,refugee,7390,2655,,-439889.84,aci_fiscal_heavy
2025,SK,family_class,2085,0,,-133783.0,aci_fiscal_heavy
2025,SK,francophone_pr,0,177,0.5,444285.46,aci_fiscal_heavy
2025,SK,high_quality_student,4410,0,,99711.36,aci_fiscal_heavy
2025,SK,high_wage_worker,10065,0,,412526.93,aci_fiscal_heavy
2025,SK,in_canada_transition,10275,0,,237641.37,aci_fiscal_heavy
2025,SK,low_quality_student,3790,0,,-211205.93,aci_fiscal_heavy
2025,SK,low_wage_worker,5570,0,,-180555.42,aci_fiscal_heavy
2025,SK,refugee,1205,2655,,-439889.84,aci_fiscal_heavy
2025,YT,family_class,75,0,,-133783.0,aci_fiscal_heavy
2025,YT,francophone_pr,0,177,0.5,444285.46,aci_fiscal_heavy
2025,YT,high_quality_student,80,0,,99711.36,aci_fiscal_heavy
2025,YT,high_wage_worker,355,0,,412526.93,aci_fiscal_heavy
2025,YT,in_canada_transition,560,0,,237641.37,aci_fiscal_heavy
2025,YT,low_quality_student,75,0,,-211205.93,aci_fiscal_heavy
2025,YT,low_wage_worker,270,0,,-180555.42,aci_fiscal_heavy
2025,YT,refugee,0,2655,0.5,-439889.84,aci_fiscal_heavy
2026,AB,family_class,3140,19545,,-133783.0,aci_fiscal_heavy
2026,AB,francophone_pr,0,682,0.5,444285.46,aci_fiscal_heavy
2026,AB,high_quality_student,3120,39715,,99711.36,aci_fiscal_heavy
2026,AB,high_wage_worker,18425,207920,,412526.93,aci_fiscal_heavy
2026,AB,in_canada_transition,4665,36475,,237641.37,aci_fiscal_heavy
2026,AB,low_quality_student,4445,31890,,-211205.93,aci_fiscal_heavy
2026,AB,low_wage_worker,15780,88015,,-180555.42,aci_fiscal_heavy
2026,AB,refugee,2070,6833,,-439889.84,aci_fiscal_heavy
2026,BC,family_class,3235,0,,-133783.0,aci_fiscal_heavy
2026,BC,francophone_pr,0,49,0.5,444285.46,aci_fiscal_heavy
2026,BC,high_quality_student,9100,0,,99711.36,aci_fiscal_heavy
2026,BC,high_wage_worker,30940,0,,412526.93,aci_fiscal_heavy
2026,BC,in_canada_transition,5005,0,,237641.37,aci_fiscal_heavy
2026,BC,low_quality_student,6450,0,,-211205.93,aci_fiscal_heavy
2026,BC,low_wage_worker,14795,0,,-180555.42,aci_fiscal_heavy
2026,BC,refugee,1170,488,,-439889.84,aci_fiscal_heavy
2026,MB,family_class,760,0,,-133783.0,aci_fiscal_heavy
2026,MB,francophone_pr,0,49,0.5,444285.46,aci_fiscal_heavy
2026,MB,high_quality_student,1485,0,,99711.36,aci_fiscal_heavy
2026,MB,high_wage_worker,5530,0,,412526.93,aci_fiscal_heavy
2026,MB,in_canada_transition,3880,0,,237641.37,aci_fiscal_heavy
2026,MB,low_quality_student,1345,0,,-211205.93,aci_fiscal_heavy
2026,MB,low_wage_worker,5090,0,,-180555.42,aci_fiscal_heavy
2026,MB,refugee,325,488,,-439889.84,aci_fiscal_heavy
2026,NB,family_class,165,0,,-133783.0,aci_fiscal_heavy
2026,NB,francophone_pr,0,49,0.5,444285.46,aci_fiscal_heavy
2026,NB,high_quality_student,700,0,,99711.36,aci_fiscal_heavy
2026,NB,high_wage_worker,3885,0,,412526.93,aci_fiscal_heavy
2026,NB,in_canada_transition,1930,0,,237641.37,aci_fiscal_heavy
2026,NB,low_quality_student,775,0,,-211205.93,aci_fiscal_heavy
2026,NB,low_wage_worker,1520,0,,-180555.42,aci_fiscal_heavy
2026,NB,refugee,110,488,,-439889.84,aci_fiscal_heavy
2026,NL,family_class,40,0,,-133783.0,aci_fiscal_heavy
2026,NL,francophone_pr,0,49,0.5,444285.46,aci_fiscal_heavy
2026,NL,high_quality_student,400,0,,99711.36,aci_fiscal_heavy
2026,NL,high_wage_worker,1620,0,,412526.93,aci_fiscal_heavy
2026,NL,in_canada_transition,1230,0,,237641.37,aci_fiscal_heavy
2026,NL,low_quality_student,310,0,,-211205.93,aci_fiscal_heavy
2026,NL,low_wage_worker,655,0,,-180555.42,aci_fiscal_heavy
2026,NL,refugee,85,488,,-439889.84,aci_fiscal_heavy
2026,NS,family_class,250,0,,-133783.0,aci_fiscal_heavy
2026,NS,francophone_pr,0,49,0.5,444285.46,aci_fiscal_heavy
2026,NS,high_quality_student,810,0,,99711.36,aci_fiscal_heavy
2026,NS,high_wage_worker,5140,0,,412526.93,aci_fiscal_heavy
2026,NS,in_canada_transition,2030,0,,237641.37,aci_fiscal_heavy
2026,NS,low_quality_student,1100,0,,-211205.93,aci_fiscal_heavy
2026,NS,low_wage_worker,1780,0,,-180555.42,aci_fiscal_heavy
2026,NS,refugee,195,488,,-439889.84,aci_fiscal_heavy
2026,NT,family_class,5,0,,-133783.0,aci_fiscal_heavy
2026,NT,francophone_pr,0,49,0.5,444285.46,aci_fiscal_heavy
2026,NT,high_quality_student,0,0,0.5,99711.36,aci_fiscal_heavy
2026,NT,high_wage_worker,130,0,,412526.93,aci_fiscal_heavy
2026,NT,in_canada_transition,145,0,,237641.37,aci_fiscal_heavy
2026,NT,low_quality_student,20,0,,-211205.93,aci_fiscal_heavy
2026,NT,low_wage_worker,20,0,,-180555.42,aci_fiscal_heavy
2026,NT,refugee,0,488,0.5,-439889.84,aci_fiscal_heavy
2026,NU,family_class,0,0,0.5,-133783.0,aci_fiscal_heavy
2026,NU,francophone_pr,0,49,0.5,444285.46,aci_fiscal_heavy
2026,NU,high_quality_student,0,0,0.5,99711.36,aci_fiscal_heavy
2026,NU,high_wage_worker,15,0,,412526.93,aci_fiscal_heavy
2026,NU,in_canada_transition,0,0,0.5,237641.37,aci_fiscal_heavy
2026,NU,low_quality_student,0,0,0.5,-211205.93,aci_fiscal_heavy
2026,NU,low_wage_worker,0,0,0.5,-180555.42,aci_fiscal_heavy
2026,NU,refugee,0,488,0.5,-439889.84,aci_fiscal_heavy
2026,ON,family_class,9345,0,,-133783.0,aci_fiscal_heavy
2026,ON,francophone_pr,0,49,0.5,444285.46,aci_fiscal_heavy
2026,ON,high_quality_student,16605,0,,99711.36,aci_fiscal_heavy
2026,ON,high_wage_worker,111100,0,,412526.93,aci_fiscal_heavy
2026,ON,in_canada_transition,14245,0,,237641.37,aci_fiscal_heavy
2026,ON,low_quality_student,11815,0,,-211205.93,aci_fiscal_heavy
2026,ON,low_wage_worker,28625,0,,-180555.42,aci_fiscal_heavy
2026,ON,refugee,6840,488,,-439889.84,aci_fiscal_heavy
2026,PE,family_class,45,0,,-133783.0,aci_fiscal_heavy
2026,PE,francophone_pr,0,49,0.5,444285.46,aci_fiscal_heavy
2026,PE,high_quality_student,150,0,,99711.36,aci_fiscal_heavy
2026,PE,high_wage_worker,1045,0,,412526.93,aci_fiscal_heavy
2026,PE,in_canada_transition,545,0,,237641.37,aci_fiscal_heavy
2026,PE,low_quality_student,155,0,,-211205.93,aci_fiscal_heavy
2026,PE,low_wage_worker,470,0,,-180555.42,aci_fiscal_heavy
2026,PE,refugee,10,488,,-439889.84,aci_fiscal_heavy
2026,QC,family_class,2145,0,,-133783.0,aci_fiscal_heavy
2026,QC,francophone_pr,1266,49,,444285.46,aci_fiscal_heavy
2026,QC,high_quality_student,6525,0,,99711.36,aci_fiscal_heavy
2026,QC,high_wage_worker,25335,0,,412526.93,aci_fiscal_heavy
2026,QC,in_canada_transition,0,0,0.5,237641.37,aci_fiscal_heavy
2026,QC,low_quality_student,4520,0,,-211205.93,aci_fiscal_heavy
2026,QC,low_wage_worker,17565,0,,-180555.42,aci_fiscal_heavy
2026,QC,refugee,1670,488,,-439889.84,aci_fiscal_heavy
2026,SK,family_class,395,0,,-133783.0,aci_fiscal_heavy
2026,SK,francophone_pr,0,49,0.5,444285.46,aci_fiscal_heavy
2026,SK,high_quality_student,810,0,,99711.36,aci_fiscal_heavy
2026,SK,high_wage_worker,4560,0,,412526.93,aci_fiscal_heavy
2026,SK,in_canada_transition,2615,0,,237641.37,aci_fiscal_heavy
2026,SK,low_quality_student,930,0,,-211205.93,aci_fiscal_heavy
2026,SK,low_wage_worker,1650,0,,-180555.42,aci_fiscal_heavy
2026,SK,refugee,215,488,,-439889.84,aci_fiscal_heavy
2026,YT,family_class,20,0,,-133783.0,aci_fiscal_heavy
2026,YT,francophone_pr,0,49,0.5,444285.46,aci_fiscal_heavy
2026,YT,high_quality_student,10,0,,99711.36,aci_fiscal_heavy
2026,YT,high_wage_worker,195,0,,412526.93,aci_fiscal_heavy
2026,YT,in_canada_transition,185,0,,237641.37,aci_fiscal_heavy
2026,YT,low_quality_student,25,0,,-211205.93,aci_fiscal_heavy
2026,YT,low_wage_worker,65,0,,-180555.42,aci_fiscal_heavy
2026,YT,refugee,0,488,0.5,-439889.84,aci_fiscal_heavy
2018,AB,family_class,13920,84930,0.4369,-133783.0,aci_housing_heavy
2018,AB,francophone_pr,0,1914,0.5,444285.46,aci_housing_heavy
2018,AB,high_quality_student,13155,254125,0.4369,99711.36,aci_housing_heavy
2018,AB,high_wage_worker,27165,316575,0.4369,412526.93,aci_housing_heavy
2018,AB,in_canada_transition,12820,91360,0.4369,237641.37,aci_housing_heavy
2018,AB,low_quality_student,6120,113060,0.4369,-211205.93,aci_housing_heavy
2018,AB,low_wage_worker,11300,102855,0.4369,-180555.42,aci_housing_heavy
2018,AB,refugee,6355,26482,0.4369,-439889.84,aci_housing_heavy
2018,BC,family_class,14760,0,0.374,-133783.0,aci_housing_heavy
2018,BC,francophone_pr,0,137,0.5,444285.46,aci_housing_heavy
2018,BC,high_quality_student,52900,0,0.374,99711.36,aci_housing_heavy
2018,BC,high_wage_worker,56705,0,0.374,412526.93,aci_housing_heavy
2018,BC,in_canada_transition,16645,0,0.374,237641.37,aci_housing_heavy
2018,BC,low_quality_student,31690,0,0.374,-211205.93,aci_housing_heavy
2018,BC,low_wage_worker,24165,0,0.374,-180555.42,aci_housing_heavy
2018,BC,refugee,3375,1892,0.374,-439889.84,aci_housing_heavy
2018,MB,family_class,2730,0,0.3496,-133783.0,aci_housing_heavy
2018,MB,francophone_pr,0,137,0.5,444285.46,aci_housing_heavy
2018,MB,high_quality_student,9585,0,0.3496,99711.36,aci_housing_heavy
2018,MB,high_wage_worker,10095,0,0.3496,412526.93,aci_housing_heavy
2018,MB,in_canada_transition,10260,0,0.3496,237641.37,aci_housing_heavy
2018,MB,low_quality_student,3050,0,0.3496,-211205.93,aci_housing_heavy
2018,MB,low_wage_worker,1180,0,0.3496,-180555.42,aci_housing_heavy
2018,MB,refugee,1540,1892,0.3496,-439889.84,aci_housing_heavy
2018,NB,family_class,390,0,0.3242,-133783.0,aci_housing_heavy
2018,NB,francophone_pr,0,137,0.5,444285.46,aci_housing_heavy
2018,NB,high_quality_student,2460,0,0.3242,99711.36,aci_housing_heavy
2018,NB,high_wage_worker,2320,0,0.3242,412526.93,aci_housing_heavy
2018,NB,in_canada_transition,3600,0,0.3242,237641.37,aci_housing_heavy
2018,NB,low_quality_student,1360,0,0.3242,-211205.93,aci_housing_heavy
2018,NB,low_wage_worker,1385,0,0.3242,-180555.42,aci_housing_heavy
2018,NB,refugee,340,1892,0.3242,-439889.84,aci_housing_heavy
2018,NL,family_class,180,0,0.418,-133783.0,aci_housing_heavy
2018,NL,francophone_pr,0,137,0.5,444285.46,aci_housing_heavy
2018,NL,high_quality_student,1890,0,0.418,99711.36,aci_housing_heavy
2018,NL,high_wage_worker,1745,0,0.418,412526.93,aci_housing_heavy
2018,NL,in_canada_transition,885,0,0.418,237641.37,aci_housing_heavy
2018,NL,low_quality_student,485,0,0.418,-211205.93,aci_housing_heavy
2018,NL,low_wage_worker,420,0,0.418,-180555.42,aci_housing_heavy
2018,NL,refugee,265,1892,0.418,-439889.84,aci_housing_heavy
2018,NS,family_class,685,0,0.272,-133783.0,aci_housing_heavy
2018,NS,francophone_pr,0,137,0.5,444285.46,aci_housing_heavy
2018,NS,high_quality_student,6955,0,0.272,99711.36,aci_housing_heavy
2018,NS,high_wage_worker,4150,0,0.272,412526.93,aci_housing_heavy
2018,NS,in_canada_transition,4205,0,0.272,237641.37,aci_housing_heavy
2018,NS,low_quality_student,3300,0,0.272,-211205.93,aci_housing_heavy
2018,NS,low_wage_worker,2055,0,0.272,-180555.42,aci_housing_heavy
2018,NS,refugee,645,1892,0.272,-439889.84,aci_housing_heavy
2018,NT,family_class,55,0,,-133783.0,aci_housing_heavy
2018,NT,francophone_pr,0,137,0.5,444285.46,aci_housing_heavy
2018,NT,high_quality_student,0,0,0.5,99711.36,aci_housing_heavy
2018,NT,high_wage_worker,80,0,,412526.93,aci_housing_heavy
2018,NT,in_canada_transition,120,0,,237641.37,aci_housing_heavy
2018,NT,low_quality_student,10,0,,-211205.93,aci_housing_heavy
2018,NT,low_wage_worker,30,0,,-180555.42,aci_housing_heavy
2018,NT,refugee,0,1892,0.5,-439889.84,aci_housing_heavy
2018,NU,family_class,0,0,0.5,-133783.0,aci_housing_heavy
2018,NU,francophone_pr,0,137,0.5,444285.46,aci_housing_heavy
2018,NU,high_quality_student,0,0,0.5,99711.36,aci_housing_heavy
2018,NU,high_wage_worker,0,0,0.5,412526.93,aci_housing_heavy
2018,NU,in_canada_transition,0,0,0.5,237641.37,aci_housing_heavy
2018,NU,low_quality_student,0,0,0.5,-211205.93,aci_housing_heavy
2018,NU,low_wage_worker,55,0,,-180555.42,aci_housing_heavy
2018,NU,refugee,0,1892,0.5,-439889.84,aci_housing_heavy
2018,ON,family_class,37850,0,0.3593,-133783.0,aci_housing_heavy
2018,ON,francophone_pr,0,137,0.5,444285.46,aci_housing_heavy
2018,ON,high_quality_student,126310,0,0.3593,99711.36,aci_housing_heavy
2018,ON,high_wage_worker,135140,0,0.3593,412526.93,aci_housing_heavy
2018,ON,in_canada_transition,29215,0,0.3593,237641.37,aci_housing_heavy
2018,ON,low_quality_student,54725,0,0.3593,-211205.93,aci_housing_heavy
2018,ON,low_wage_worker,41465,0,0.3593,-180555.42,aci_housing_heavy
2018,ON,refugee,25900,1892,0.3593,-439889.84,aci_housing_heavy
2018,PE,family_class,90,0,,-133783.0,aci_housing_heavy
2018,PE,francophone_pr,0,137,0.5,444285.46,aci_housing_heavy
2018,PE,high_quality_student,1085,0,,99711.36,aci_housing_heavy
2018,PE,high_wage_worker,1220,0,,412526.93,aci_housing_heavy
2018,PE,in_canada_transition,1860,0,,237641.37,aci_housing_heavy
2018,PE,low_quality_student,820,0,,-211205.93,aci_housing_heavy
2018,PE,low_wage_worker,845,0,,-180555.42,aci_housing_heavy
2018,PE,refugee,55,1892,,-439889.84,aci_housing_heavy
2018,QC,family_class,12270,0,0.4142,-133783.0,aci_housing_heavy
2018,QC,francophone_pr,3554,137,0.4142,444285.46,aci_housing_heavy
2018,QC,high_quality_student,35425,0,0.4142,99711.36,aci_housing_heavy
2018,QC,high_wage_worker,71115,0,0.4142,412526.93,aci_housing_heavy
2018,QC,in_canada_transition,0,0,0.5,237641.37,aci_housing_heavy
2018,QC,low_quality_student,9905,0,0.4142,-211205.93,aci_housing_heavy
2018,QC,low_wage_worker,18875,0,0.4142,-180555.42,aci_housing_heavy
2018,QC,refugee,9640,1892,0.4142,-439889.84,aci_housing_heavy
2018,SK,family_class,1975,0,0.5644,-133783.0,aci_housing_heavy
2018,SK,francophone_pr,0,137,0.5,444285.46,aci_housing_heavy
2018,SK,high_quality_student,4325,0,0.5644,99711.36,aci_housing_heavy
2018,SK,high_wage_worker,6380,0,0.5644,412526.93,aci_housing_heavy
2018,SK,in_canada_transition,11560,0,0.5644,237641.37,aci_housing_heavy
2018,SK,low_quality_student,1590,0,0.5644,-211205.93,aci_housing_heavy
2018,SK,low_wage_worker,1000,0,0.5644,-180555.42,aci_housing_heavy
2018,SK,refugee,1055,1892,0.5644,-439889.84,aci_housing_heavy
2018,YT,family_class,25,0,,-133783.0,aci_housing_heavy
2018,YT,francophone_pr,0,137,0.5,444285.46,aci_housing_heavy
2018,YT,high_quality_student,35,0,,99711.36,aci_housing_heavy
2018,YT,high_wage_worker,460,0,,412526.93,aci_housing_heavy
2018,YT,in_canada_transition,190,0,,237641.37,aci_housing_heavy
2018,YT,low_quality_student,5,0,,-211205.93,aci_housing_heavy
2018,YT,low_wage_worker,80,0,,-180555.42,aci_housing_heavy
2018,YT,refugee,10,1892,,-439889.84,aci_housing_heavy
2019,AB,family_class,15290,91025,0.4295,-133783.0,aci_housing_heavy
2019,AB,francophone_pr,0,2064,0.5,444285.46,aci_housing_heavy
2019,AB,high_quality_student,14450,296205,0.4295,99711.36,aci_housing_heavy
2019,AB,high_wage_worker,29960,381165,0.4295,412526.93,aci_housing_heavy
2019,AB,in_canada_transition,13270,102995,0.4295,237641.37,aci_housing_heavy
2019,AB,low_quality_student,6550,115035,0.4295,-211205.93,aci_housing_heavy
2019,AB,low_wage_worker,10930,109645,0.4295,-180555.42,aci_housing_heavy
2019,AB,refugee,7640,28477,0.4295,-439889.84,aci_housing_heavy
2019,BC,family_class,16225,0,0.4049,-133783.0,aci_housing_heavy
2019,BC,francophone_pr,0,147,0.5,444285.46,aci_housing_heavy
2019,BC,high_quality_student,57995,0,0.4049,99711.36,aci_housing_heavy
2019,BC,high_wage_worker,70585,0,0.4049,412526.93,aci_housing_heavy
2019,BC,in_canada_transition,19295,0,0.4049,237641.37,aci_housing_heavy
2019,BC,low_quality_student,30775,0,0.4049,-211205.93,aci_housing_heavy
2019,BC,low_wage_worker,26945,0,0.4049,-180555.42,aci_housing_heavy
2019,BC,refugee,3895,2034,0.4049,-439889.84,aci_housing_heavy
2019,MB,family_class,3150,0,0.3526,-133783.0,aci_housing_heavy
2019,MB,francophone_pr,0,147,0.5,444285.46,aci_housing_heavy
2019,MB,high_quality_student,9835,0,0.3526,99711.36,aci_housing_heavy
2019,MB,high_wage_worker,11560,0,0.3526,412526.93,aci_housing_heavy
2019,MB,in_canada_transition,12955,0,0.3526,237641.37,aci_housing_heavy
2019,MB,low_quality_student,2835,0,0.3526,-211205.93,aci_housing_heavy
2019,MB,low_wage_worker,1315,0,0.3526,-180555.42,aci_housing_heavy
2019,MB,refugee,2015,2034,0.3526,-439889.84,aci_housing_heavy
2019,NB,family_class,395,0,0.3727,-133783.0,aci_housing_heavy
2019,NB,francophone_pr,0,147,0.5,444285.46,aci_housing_heavy
2019,NB,high_quality_student,3190,0,0.3727,99711.36,aci_housing_heavy
2019,NB,high_wage_worker,2945,0,0.3727,412526.93,aci_housing_heavy
2019,NB,in_canada_transition,4845,0,0.3727,237641.37,aci_housing_heavy
2019,NB,low_quality_student,1230,0,0.3727,-211205.93,aci_housing_heavy
2019,NB,low_wage_worker,1700,0,0.3727,-180555.42,aci_housing_heavy
2019,NB,refugee,480,2034,0.3727,-439889.84,aci_housing_heavy
2019,NL,family_class,215,0,0.4274,-133783.0,aci_housing_heavy
2019,NL,francophone_pr,0,147,0.5,444285.46,aci_housing_heavy
2019,NL,high_quality_student,2185,0,0.4274,99711.36,aci_housing_heavy
2019,NL,high_wage_worker,1840,0,0.4274,412526.93,aci_housing_heavy
2019,NL,in_canada_transition,1075,0,0.4274,237641.37,aci_housing_heavy
2019,NL,low_quality_student,485,0,0.4274,-211205.93,aci_housing_heavy
2019,NL,low_wage_worker,435,0,0.4274,-180555.42,aci_housing_heavy
2019,NL,refugee,385,2034,0.4274,-439889.84,aci_housing_heavy
2019,NS,family_class,855,0,0.2655,-133783.0,aci_housing_heavy
2019,NS,francophone_pr,0,147,0.5,444285.46,aci_housing_heavy
2019,NS,high_quality_student,7350,0,0.2655,99711.36,aci_housing_heavy
2019,NS,high_wage_worker,5760,0,0.2655,412526.93,aci_housing_heavy
2019,NS,in_canada_transition,5460,0,0.2655,237641.37,aci_housing_heavy
2019,NS,low_quality_student,3270,0,0.2655,-211205.93,aci_housing_heavy
2019,NS,low_wage_worker,2230,0,0.2655,-180555.42,aci_housing_heavy
2019,NS,refugee,790,2034,0.2655,-439889.84,aci_housing_heavy
2019,NT,family_class,55,0,,-133783.0,aci_housing_heavy
2019,NT,francophone_pr,0,147,0.5,444285.46,aci_housing_heavy
2019,NT,high_quality_student,0,0,0.5,99711.36,aci_housing_heavy
2019,NT,high_wage_worker,80,0,,412526.93,aci_housing_heavy
2019,NT,in_canada_transition,50,0,,237641.37,aci_housing_heavy
2019,NT,low_quality_student,10,0,,-211205.93,aci_housing_heavy
2019,NT,low_wage_worker,5,0,,-180555.42,aci_housing_heavy
2019,NT,refugee,0,2034,0.5,-439889.84,aci_housing_heavy
2019,NU,family_class,5,0,,-133783.0,aci_housing_heavy
2019,NU,francophone_pr,0,147,0.5,444285.46,aci_housing_heavy
2019,NU,high_quality_student,0,0,0.5,99711.36,aci_housing_heavy
2019,NU,high_wage_worker,20,0,,412526.93,aci_housing_heavy
2019,NU,in_canada_transition,5,0,,237641.37,aci_housing_heavy
2019,NU,low_quality_student,0,0,0.5,-211205.93,aci_housing_heavy
2019,NU,low_wage_worker,0,0,0.5,-180555.42,aci_housing_heavy
2019,NU,refugee,0,2034,0.5,-439889.84,aci_housing_heavy
2019,ON,family_class,42565,0,0.3395,-133783.0,aci_housing_heavy
2019,ON,francophone_pr,0,147,0.5,444285.46,aci_housing_heavy
2019,ON,high_quality_student,149250,0,0.3395,99711.36,aci_housing_heavy
2019,ON,high_wage_worker,172755,0,0.3395,412526.93,aci_housing_heavy
2019,ON,in_canada_transition,32230,0,0.3395,237641.37,aci_housing_heavy
2019,ON,low_quality_student,54790,0,0.3395,-211205.93,aci_housing_heavy
2019,ON,low_wage_worker,39535,0,0.3395,-180555.42,aci_housing_heavy
2019,ON,refugee,28640,2034,0.3395,-439889.84,aci_housing_heavy
2019,PE,family_class,105,0,,-133783.0,aci_housing_heavy
2019,PE,francophone_pr,0,147,0.5,444285.46,aci_housing_heavy
2019,PE,high_quality_student,1275,0,,99711.36,aci_housing_heavy
2019,PE,high_wage_worker,1745,0,,412526.93,aci_housing_heavy
2019,PE,in_canada_transition,2115,0,,237641.37,aci_housing_heavy
2019,PE,low_quality_student,655,0,,-211205.93,aci_housing_heavy
2019,PE,low_wage_worker,1075,0,,-180555.42,aci_housing_heavy
2019,PE,refugee,55,2034,,-439889.84,aci_housing_heavy
2019,QC,family_class,9650,0,0.3897,-133783.0,aci_housing_heavy
2019,QC,francophone_pr,3834,147,0.3897,444285.46,aci_housing_heavy
2019,QC,high_quality_student,45845,0,0.3897,99711.36,aci_housing_heavy
2019,QC,high_wage_worker,76705,0,0.3897,412526.93,aci_housing_heavy
2019,QC,in_canada_transition,0,0,0.5,237641.37,aci_housing_heavy
2019,QC,low_quality_student,12770,0,0.3897,-211205.93,aci_housing_heavy
2019,QC,low_wage_worker,24360,0,0.3897,-180555.42,aci_housing_heavy
2019,QC,refugee,7750,2034,0.3897,-439889.84,aci_housing_heavy
2019,SK,family_class,2440,0,0.4466,-133783.0,aci_housing_heavy
2019,SK,francophone_pr,0,147,0.5,444285.46,aci_housing_heavy
2019,SK,high_quality_student,4755,0,0.4466,99711.36,aci_housing_heavy
2019,SK,high_wage_worker,6680,0,0.4466,412526.93,aci_housing_heavy
2019,SK,in_canada_transition,11430,0,0.4466,237641.37,aci_housing_heavy
2019,SK,low_quality_student,1650,0,0.4466,-211205.93,aci_housing_heavy
2019,SK,low_wage_worker,1015,0,0.4466,-180555.42,aci_housing_heavy
2019,SK,refugee,1230,2034,0.4466,-439889.84,aci_housing_heavy
2019,YT,family_class,75,0,,-133783.0,aci_housing_heavy
2019,YT,francophone_pr,0,147,0.5,444285.46,aci_housing_heavy
2019,YT,high_quality_student,75,0,,99711.36,aci_housing_heavy
2019,YT,high_wage_worker,530,0,,412526.93,aci_housing_heavy
2019,YT,in_canada_transition,265,0,,237641.37,aci_housing_heavy
2019,YT,low_quality_student,15,0,,-211205.93,aci_housing_heavy
2019,YT,low_wage_worker,100,0,,-180555.42,aci_housing_heavy
2019,YT,refugee,5,2034,,-439889.84,aci_housing_heavy
2020,AB,family_class,7530,48975,0.4346,-133783.0,aci_housing_heavy
2020,AB,francophone_pr,0,1511,0.5,444285.46,aci_housing_heavy
2020,AB,high_quality_student,9220,203840,0.4346,99711.36,aci_housing_heavy
2020,AB,high_wage_worker,20285,281680,0.4346,412526.93,aci_housing_heavy
2020,AB,in_canada_transition,9660,65310,0.4346,237641.37,aci_housing_heavy
2020,AB,low_quality_student,4305,67885,0.4346,-211205.93,aci_housing_heavy
2020,AB,low_wage_worker,7305,89910,0.4346,-180555.42,aci_housing_heavy
2020,AB,refugee,3025,15559,0.4346,-439889.84,aci_housing_heavy
2020,BC,family_class,8015,0,0.2813,-133783.0,aci_housing_heavy
2020,BC,francophone_pr,0,116,0.5,444285.46,aci_housing_heavy
2020,BC,high_quality_student,44450,0,0.2813,99711.36,aci_housing_heavy
2020,BC,high_wage_worker,50850,0,0.2813,412526.93,aci_housing_heavy
2020,BC,in_canada_transition,13925,0,0.2813,237641.37,aci_housing_heavy
2020,BC,low_quality_student,18175,0,0.2813,-211205.93,aci_housing_heavy
2020,BC,low_wage_worker,20845,0,0.2813,-180555.42,aci_housing_heavy
2020,BC,refugee,2040,1197,0.2813,-439889.84,aci_housing_heavy
2020,MB,family_class,1475,0,0.3609,-133783.0,aci_housing_heavy
2020,MB,francophone_pr,0,116,0.5,444285.46,aci_housing_heavy
2020,MB,high_quality_student,7295,0,0.3609,99711.36,aci_housing_heavy
2020,MB,high_wage_worker,11325,0,0.3609,412526.93,aci_housing_heavy
2020,MB,in_canada_transition,6170,0,0.3609,237641.37,aci_housing_heavy
2020,MB,low_quality_student,1885,0,0.3609,-211205.93,aci_housing_heavy
2020,MB,low_wage_worker,965,0,0.3609,-180555.42,aci_housing_heavy
2020,MB,refugee,565,1197,0.3609,-439889.84,aci_housing_heavy
2020,NB,family_class,220,0,0.336,-133783.0,aci_housing_heavy
2020,NB,francophone_pr,0,116,0.5,444285.46,aci_housing_heavy
2020,NB,high_quality_student,1705,0,0.336,99711.36,aci_housing_heavy
2020,NB,high_wage_worker,3110,0,0.336,412526.93,aci_housing_heavy
2020,NB,in_canada_transition,2190,0,0.336,237641.37,aci_housing_heavy
2020,NB,low_quality_student,630,0,0.336,-211205.93,aci_housing_heavy
2020,NB,low_wage_worker,1645,0,0.336,-180555.42,aci_housing_heavy
2020,NB,refugee,255,1197,0.336,-439889.84,aci_housing_heavy
2020,NL,family_class,115,0,0.409,-133783.0,aci_housing_heavy
2020,NL,francophone_pr,0,116,0.5,444285.46,aci_housing_heavy
2020,NL,high_quality_student,1250,0,0.409,99711.36,aci_housing_heavy
2020,NL,high_wage_worker,1265,0,0.409,412526.93,aci_housing_heavy
2020,NL,in_canada_transition,565,0,0.409,237641.37,aci_housing_heavy
2020,NL,low_quality_student,190,0,0.409,-211205.93,aci_housing_heavy
2020,NL,low_wage_worker,415,0,0.409,-180555.42,aci_housing_heavy
2020,NL,refugee,105,1197,0.409,-439889.84,aci_housing_heavy
2020,NS,family_class,450,0,0.2745,-133783.0,aci_housing_heavy
2020,NS,francophone_pr,0,116,0.5,444285.46,aci_housing_heavy
2020,NS,high_quality_student,3840,0,0.2745,99711.36,aci_housing_heavy
2020,NS,high_wage_worker,6205,0,0.2745,412526.93,aci_housing_heavy
2020,NS,in_canada_transition,2530,0,0.2745,237641.37,aci_housing_heavy
2020,NS,low_quality_student,1450,0,0.2745,-211205.93,aci_housing_heavy
2020,NS,low_wage_worker,2105,0,0.2745,-180555.42,aci_housing_heavy
2020,NS,refugee,325,1197,0.2745,-439889.84,aci_housing_heavy
2020,NT,family_class,20,0,,-133783.0,aci_housing_heavy
2020,NT,francophone_pr,0,116,0.5,444285.46,aci_housing_heavy
2020,NT,high_quality_student,0,0,0.5,99711.36,aci_housing_heavy
2020,NT,high_wage_worker,50,0,,412526.93,aci_housing_heavy
2020,NT,in_canada_transition,45,0,,237641.37,aci_housing_heavy
2020,NT,low_quality_student,0,0,0.5,-211205.93,aci_housing_heavy
2020,NT,low_wage_worker,0,0,0.5,-180555.42,aci_housing_heavy
2020,NT,refugee,0,1197,0.5,-439889.84,aci_housing_heavy
2020,ON,family_class,22220,0,0.3809,-133783.0,aci_housing_heavy
2020,ON,francophone_pr,0,116,0.5,444285.46,aci_housing_heavy
2020,ON,high_quality_student,97490,0,0.3809,99711.36,aci_housing_heavy
2020,ON,high_wage_worker,125575,0,0.3809,412526.93,aci_housing_heavy
2020,ON,in_canada_transition,23385,0,0.3809,237641.37,aci_housing_heavy
2020,ON,low_quality_student,29600,0,0.3809,-211205.93,aci_housing_heavy
2020,ON,low_wage_worker,31830,0,0.3809,-180555.42,aci_housing_heavy
2020,ON,refugee,17285,1197,0.3809,-439889.84,aci_housing_heavy
2020,PE,family_class,35,0,,-133783.0,aci_housing_heavy
2020,PE,francophone_pr,0,116,0.5,444285.46,aci_housing_heavy
2020,PE,high_quality_student,760,0,,99711.36,aci_housing_heavy
2020,PE,high_wage_worker,1365,0,,412526.93,aci_housing_heavy
2020,PE,in_canada_transition,1140,0,,237641.37,aci_housing_heavy
2020,PE,low_quality_student,555,0,,-211205.93,aci_housing_heavy
2020,PE,low_wage_worker,1010,0,,-180555.42,aci_housing_heavy
2020,PE,refugee,45,1197,,-439889.84,aci_housing_heavy
2020,QC,family_class,7755,0,0.3612,-133783.0,aci_housing_heavy
2020,QC,francophone_pr,2790,116,0.3612,444285.46,aci_housing_heavy
2020,QC,high_quality_student,35110,0,0.3612,99711.36,aci_housing_heavy
2020,QC,high_wage_worker,55820,0,0.3612,412526.93,aci_housing_heavy
2020,QC,in_canada_transition,0,0,0.5,237641.37,aci_housing_heavy
2020,QC,low_quality_student,10040,0,0.3612,-211205.93,aci_housing_heavy
2020,QC,low_wage_worker,23155,0,0.3612,-180555.42,aci_housing_heavy
2020,QC,refugee,4670,1197,0.3612,-439889.84,aci_housing_heavy
2020,SK,family_class,1135,0,0.5482,-133783.0,aci_housing_heavy
2020,SK,francophone_pr,0,116,0.5,444285.46,aci_housing_heavy
2020,SK,high_quality_student,2650,0,0.5482,99711.36,aci_housing_heavy
2020,SK,high_wage_worker,5375,0,0.5482,412526.93,aci_housing_heavy
2020,SK,in_canada_transition,5610,0,0.5482,237641.37,aci_housing_heavy
2020,SK,low_quality_student,1030,0,0.5482,-211205.93,aci_housing_heavy
2020,SK,low_wage_worker,570,0,0.5482,-180555.42,aci_housing_heavy
2020,SK,refugee,410,1197,0.5482,-439889.84,aci_housing_heavy
2020,YT,family_class,5,0,,-133783.0,aci_housing_heavy
2020,YT,francophone_pr,0,116,0.5,444285.46,aci_housing_heavy
2020,YT,high_quality_student,70,0,,99711.36,aci_housing_heavy
2020,YT,high_wage_worker,455,0,,412526.93,aci_housing_heavy
2020,YT,in_canada_transition,90,0,,237641.37,aci_housing_heavy
2020,YT,low_quality_student,25,0,,-211205.93,aci_housing_heavy
2020,YT,low_wage_worker,65,0,,-180555.42,aci_housing_heavy
2020,YT,refugee,0,1197,0.5,-439889.84,aci_housing_heavy
2021,AB,family_class,10920,81130,0.5305,-133783.0,aci_housing_heavy
2021,AB,francophone_pr,0,2158,0.5,444285.46,aci_housing_heavy
2021,AB,high_quality_student,18095,356800,0.5305,99711.36,aci_housing_heavy
2021,AB,high_wage_worker,23510,339320,0.5305,412526.93,aci_housing_heavy
2021,AB,in_canada_transition,18875,213720,0.5305,237641.37,aci_housing_heavy
2021,AB,low_quality_student,6325,102675,0.5305,-211205.93,aci_housing_heavy
2021,AB,low_wage_worker,9625,138305,0.5305,-180555.42,aci_housing_heavy
2021,AB,refugee,8090,38446,0.5305,-439889.84,aci_housing_heavy
2021,BC,family_class,14275,0,0.3822,-133783.0,aci_housing_heavy
2021,BC,francophone_pr,0,154,0.5,444285.46,aci_housing_heavy
2021,BC,high_quality_student,67120,0,0.3822,99711.36,aci_housing_heavy
2021,BC,high_wage_worker,62425,0,0.3822,412526.93,aci_housing_heavy
2021,BC,in_canada_transition,46740,0,0.3822,237641.37,aci_housing_heavy
2021,BC,low_quality_student,30635,0,0.3822,-211205.93,aci_housing_heavy
2021,BC,low_wage_worker,30030,0,0.3822,-180555.42,aci_housing_heavy
2021,BC,refugee,5830,2746,0.3822,-439889.84,aci_housing_heavy
2021,MB,family_class,2330,0,0.451,-133783.0,aci_housing_heavy
2021,MB,francophone_pr,0,154,0.5,444285.46,aci_housing_heavy
2021,MB,high_quality_student,9915,0,0.451,99711.36,aci_housing_heavy
2021,MB,high_wage_worker,11405,0,0.451,412526.93,aci_housing_heavy
2021,MB,in_canada_transition,12610,0,0.451,237641.37,aci_housing_heavy
2021,MB,low_quality_student,3430,0,0.451,-211205.93,aci_housing_heavy
2021,MB,low_wage_worker,3220,0,0.451,-180555.42,aci_housing_heavy
2021,MB,refugee,1400,2746,0.451,-439889.84,aci_housing_heavy
2021,NB,family_class,365,0,0.2849,-133783.0,aci_housing_heavy
2021,NB,francophone_pr,0,154,0.5,444285.46,aci_housing_heavy
2021,NB,high_quality_student,4390,0,0.2849,99711.36,aci_housing_heavy
2021,NB,high_wage_worker,4185,0,0.2849,412526.93,aci_housing_heavy
2021,NB,in_canada_transition,4465,0,0.2849,237641.37,aci_housing_heavy
2021,NB,low_quality_student,1675,0,0.2849,-211205.93,aci_housing_heavy
2021,NB,low_wage_worker,3225,0,0.2849,-180555.42,aci_housing_heavy
2021,NB,refugee,360,2746,0.2849,-439889.84,aci_housing_heavy
2021,NL,family_class,145,0,0.3696,-133783.0,aci_housing_heavy
2021,NL,francophone_pr,0,154,0.5,444285.46,aci_housing_heavy
2021,NL,high_quality_student,2795,0,0.3696,99711.36,aci_housing_heavy
2021,NL,high_wage_worker,1645,0,0.3696,412526.93,aci_housing_heavy
2021,NL,in_canada_transition,1300,0,0.3696,237641.37,aci_housing_heavy
2021,NL,low_quality_student,575,0,0.3696,-211205.93,aci_housing_heavy
2021,NL,low_wage_worker,685,0,0.3696,-180555.42,aci_housing_heavy
2021,NL,refugee,510,2746,0.3696,-439889.84,aci_housing_heavy
2021,NS,family_class,695,0,0.3146,-133783.0,aci_housing_heavy
2021,NS,francophone_pr,0,154,0.5,444285.46,aci_housing_heavy
2021,NS,high_quality_student,7940,0,0.3146,99711.36,aci_housing_heavy
2021,NS,high_wage_worker,7015,0,0.3146,412526.93,aci_housing_heavy
2021,NS,in_canada_transition,7540,0,0.3146,237641.37,aci_housing_heavy
2021,NS,low_quality_student,2290,0,0.3146,-211205.93,aci_housing_heavy
2021,NS,low_wage_worker,3355,0,0.3146,-180555.42,aci_housing_heavy
2021,NS,refugee,795,2746,0.3146,-439889.84,aci_housing_heavy
2021,NT,family_class,55,0,,-133783.0,aci_housing_heavy
2021,NT,francophone_pr,0,154,0.5,444285.46,aci_housing_heavy
2021,NT,high_quality_student,0,0,0.5,99711.36,aci_housing_heavy
2021,NT,high_wage_worker,55,0,,412526.93,aci_housing_heavy
2021,NT,in_canada_transition,180,0,,237641.37,aci_housing_heavy
2021,NT,low_quality_student,0,0,0.5,-211205.93,aci_housing_heavy
2021,NT,low_wage_worker,10,0,,-180555.42,aci_housing_heavy
2021,NT,refugee,5,2746,,-439889.84,aci_housing_heavy
2021,NU,family_class,0,0,0.5,-133783.0,aci_housing_heavy
2021,NU,francophone_pr,0,154,0.5,444285.46,aci_housing_heavy
2021,NU,high_quality_student,0,0,0.5,99711.36,aci_housing_heavy
2021,NU,high_wage_worker,0,0,0.5,412526.93,aci_housing_heavy
2021,NU,in_canada_transition,0,0,0.5,237641.37,aci_housing_heavy
2021,NU,low_quality_student,0,0,0.5,-211205.93,aci_housing_heavy
2021,NU,low_wage_worker,25,0,,-180555.42,aci_housing_heavy
2021,NU,refugee,0,2746,0.5,-439889.84,aci_housing_heavy
2021,ON,family_class,36680,0,0.3724,-133783.0,aci_housing_heavy
2021,ON,francophone_pr,0,154,0.5,444285.46,aci_housing_heavy
2021,ON,high_quality_student,186605,0,0.3724,99711.36,aci_housing_heavy
2021,ON,high_wage_worker,140275,0,0.3724,412526.93,aci_housing_heavy
2021,ON,in_canada_transition,111020,0,0.3724,237641.37,aci_housing_heavy
2021,ON,low_quality_student,42430,0,0.3724,-211205.93,aci_housing_heavy
2021,ON,low_wage_worker,49630,0,0.3724,-180555.42,aci_housing_heavy
2021,ON,refugee,43805,2746,0.3724,-439889.84,aci_housing_heavy
2021,PE,family_class,110,0,,-133783.0,aci_housing_heavy
2021,PE,francophone_pr,0,154,0.5,444285.46,aci_housing_heavy
2021,PE,high_quality_student,1240,0,,99711.36,aci_housing_heavy
2021,PE,high_wage_worker,1900,0,,412526.93,aci_housing_heavy
2021,PE,in_canada_transition,2390,0,,237641.37,aci_housing_heavy
2021,PE,low_quality_student,690,0,,-211205.93,aci_housing_heavy
2021,PE,low_wage_worker,1635,0,,-180555.42,aci_housing_heavy
2021,PE,refugee,50,2746,,-439889.84,aci_housing_heavy
2021,QC,family_class,13870,0,0.4023,-133783.0,aci_housing_heavy
2021,QC,francophone_pr,4008,154,0.4023,444285.46,aci_housing_heavy
2021,QC,high_quality_student,53625,0,0.4023,99711.36,aci_housing_heavy
2021,QC,high_wage_worker,80170,0,0.4023,412526.93,aci_housing_heavy
2021,QC,in_canada_transition,0,0,0.5,237641.37,aci_housing_heavy
2021,QC,low_quality_student,12900,0,0.4023,-211205.93,aci_housing_heavy
2021,QC,low_wage_worker,35220,0,0.4023,-180555.42,aci_housing_heavy
2021,QC,refugee,9540,2746,0.4023,-439889.84,aci_housing_heavy
2021,SK,family_class,1645,0,0.5505,-133783.0,aci_housing_heavy
2021,SK,francophone_pr,0,154,0.5,444285.46,aci_housing_heavy
2021,SK,high_quality_student,4965,0,0.5505,99711.36,aci_housing_heavy
2021,SK,high_wage_worker,6255,0,0.5505,412526.93,aci_housing_heavy
2021,SK,in_canada_transition,8115,0,0.5505,237641.37,aci_housing_heavy
2021,SK,low_quality_student,1650,0,0.5505,-211205.93,aci_housing_heavy
2021,SK,low_wage_worker,1520,0,0.5505,-180555.42,aci_housing_heavy
2021,SK,refugee,1010,2746,0.5505,-439889.84,aci_housing_heavy
2021,YT,family_class,40,0,,-133783.0,aci_housing_heavy
2021,YT,francophone_pr,0,154,0.5,444285.46,aci_housing_heavy
2021,YT,high_quality_student,110,0,,99711.36,aci_housing_heavy
2021,YT,high_wage_worker,480,0,,412526.93,aci_housing_heavy
2021,YT,in_canada_transition,485,0,,237641.37,aci_housing_heavy
2021,YT,low_quality_student,75,0,,-211205.93,aci_housing_heavy
2021,YT,low_wage_worker,125,0,,-180555.42,aci_housing_heavy
2021,YT,refugee,5,2746,,-439889.84,aci_housing_heavy
2022,AB,family_class,14110,97095,0.4134,-133783.0,aci_housing_heavy
2022,AB,francophone_pr,0,2792,0.5,444285.46,aci_housing_heavy
2022,AB,high_quality_student,20475,437715,0.4134,99711.36,aci_housing_heavy
2022,AB,high_wage_worker,29615,435510,0.4134,412526.93,aci_housing_heavy
2022,AB,in_canada_transition,16835,162085,0.4134,237641.37,aci_housing_heavy
2022,AB,low_quality_student,8970,126355,0.4134,-211205.93,aci_housing_heavy
2022,AB,low_wage_worker,28655,242145,0.4134,-180555.42,aci_housing_heavy
2022,AB,refugee,13435,45390,0.4134,-439889.84,aci_housing_heavy
2022,BC,family_class,16480,0,0.3943,-133783.0,aci_housing_heavy
2022,BC,francophone_pr,0,199,0.5,444285.46,aci_housing_heavy
2022,BC,high_quality_student,80050,0,0.3943,99711.36,aci_housing_heavy
2022,BC,high_wage_worker,77875,0,0.3943,412526.93,aci_housing_heavy
2022,BC,in_canada_transition,29030,0,0.3943,237641.37,aci_housing_heavy
2022,BC,low_quality_student,34290,0,0.3943,-211205.93,aci_housing_heavy
2022,BC,low_wage_worker,48120,0,0.3943,-180555.42,aci_housing_heavy
2022,BC,refugee,7905,3242,0.3943,-439889.84,aci_housing_heavy
2022,MB,family_class,2785,0,0.4068,-133783.0,aci_housing_heavy
2022,MB,francophone_pr,0,199,0.5,444285.46,aci_housing_heavy
2022,MB,high_quality_student,11210,0,0.4068,99711.36,aci_housing_heavy
2022,MB,high_wage_worker,11355,0,0.4068,412526.93,aci_housing_heavy
2022,MB,in_canada_transition,15980,0,0.4068,237641.37,aci_housing_heavy
2022,MB,low_quality_student,4345,0,0.4068,-211205.93,aci_housing_heavy
2022,MB,low_wage_worker,11350,0,0.4068,-180555.42,aci_housing_heavy
2022,MB,refugee,2235,3242,0.4068,-439889.84,aci_housing_heavy
2022,NB,family_class,480,0,0.32,-133783.0,aci_housing_heavy
2022,NB,francophone_pr,0,199,0.5,444285.46,aci_housing_heavy
2022,NB,high_quality_student,5635,0,0.32,99711.36,aci_housing_heavy
2022,NB,high_wage_worker,4975,0,0.32,412526.93,aci_housing_heavy
2022,NB,in_canada_transition,8015,0,0.32,237641.37,aci_housing_heavy
2022,NB,low_quality_student,2215,0,0.32,-211205.93,aci_housing_heavy
2022,NB,low_wage_worker,5705,0,0.32,-180555.42,aci_housing_heavy
2022,NB,refugee,1280,3242,0.32,-439889.84,aci_housing_heavy
2022,NL,family_class,180,0,0.3609,-133783.0,aci_housing_heavy
2022,NL,francophone_pr,0,199,0.5,444285.46,aci_housing_heavy
2022,NL,high_quality_student,3100,0,0.3609,99711.36,aci_housing_heavy
2022,NL,high_wage_worker,2130,0,0.3609,412526.93,aci_housing_heavy
2022,NL,in_canada_transition,2305,0,0.3609,237641.37,aci_housing_heavy
2022,NL,low_quality_student,885,0,0.3609,-211205.93,aci_housing_heavy
2022,NL,low_wage_worker,2495,0,0.3609,-180555.42,aci_housing_heavy
2022,NL,refugee,875,3242,0.3609,-439889.84,aci_housing_heavy
2022,NS,family_class,1035,0,0.2627,-133783.0,aci_housing_heavy
2022,NS,francophone_pr,0,199,0.5,444285.46,aci_housing_heavy
2022,NS,high_quality_student,9915,0,0.2627,99711.36,aci_housing_heavy
2022,NS,high_wage_worker,8185,0,0.2627,412526.93,aci_housing_heavy
2022,NS,in_canada_transition,9895,0,0.2627,237641.37,aci_housing_heavy
2022,NS,low_quality_student,3565,0,0.2627,-211205.93,aci_housing_heavy
2022,NS,low_wage_worker,5645,0,0.2627,-180555.42,aci_housing_heavy
2022,NS,refugee,1390,3242,0.2627,-439889.84,aci_housing_heavy
2022,NT,family_class,30,0,,-133783.0,aci_housing_heavy
2022,NT,francophone_pr,0,199,0.5,444285.46,aci_housing_heavy
2022,NT,high_quality_student,0,0,0.5,99711.36,aci_housing_heavy
2022,NT,high_wage_worker,50,0,,412526.93,aci_housing_heavy
2022,NT,in_canada_transition,110,0,,237641.37,aci_housing_heavy
2022,NT,low_quality_student,10,0,,-211205.93,aci_housing_heavy
2022,NT,low_wage_worker,60,0,,-180555.42,aci_housing_heavy
2022,NT,refugee,0,3242,0.5,-439889.84,aci_housing_heavy
2022,NU,family_class,0,0,0.5,-133783.0,aci_housing_heavy
2022,NU,francophone_pr,0,199,0.5,444285.46,aci_housing_heavy
2022,NU,high_quality_student,0,0,0.5,99711.36,aci_housing_heavy
2022,NU,high_wage_worker,10,0,,412526.93,aci_housing_heavy
2022,NU,in_canada_transition,0,0,0.5,237641.37,aci_housing_heavy
2022,NU,low_quality_student,0,0,0.5,-211205.93,aci_housing_heavy
2022,NU,low_wage_worker,10,0,,-180555.42,aci_housing_heavy
2022,NU,refugee,0,3242,0.5,-439889.84,aci_housing_heavy
2022,ON,family_class,46735,0,0.3385,-133783.0,aci_housing_heavy
2022,ON,francophone_pr,0,199,0.5,444285.46,aci_housing_heavy
2022,ON,high_quality_student,247135,0,0.3385,99711.36,aci_housing_heavy
2022,ON,high_wage_worker,187325,0,0.3385,412526.93,aci_housing_heavy
2022,ON,in_canada_transition,60190,0,0.3385,237641.37,aci_housing_heavy
2022,ON,low_quality_student,55035,0,0.3385,-211205.93,aci_housing_heavy
2022,ON,low_wage_worker,86490,0,0.3385,-180555.42,aci_housing_heavy
2022,ON,refugee,44890,3242,0.3385,-439889.84,aci_housing_heavy
2022,PE,family_class,135,0,,-133783.0,aci_housing_heavy
2022,PE,francophone_pr,0,199,0.5,444285.46,aci_housing_heavy
2022,PE,high_quality_student,1630,0,,99711.36,aci_housing_heavy
2022,PE,high_wage_worker,2350,0,,412526.93,aci_housing_heavy
2022,PE,in_canada_transition,2360,0,,237641.37,aci_housing_heavy
2022,PE,low_quality_student,840,0,,-211205.93,aci_housing_heavy
2022,PE,low_wage_worker,1705,0,,-180555.42,aci_housing_heavy
2022,PE,refugee,70,3242,,-439889.84,aci_housing_heavy
2022,QC,family_class,12910,0,0.333,-133783.0,aci_housing_heavy
2022,QC,francophone_pr,5186,199,0.333,444285.46,aci_housing_heavy
2022,QC,high_quality_student,52205,0,0.333,99711.36,aci_housing_heavy
2022,QC,high_wage_worker,103740,0,0.333,412526.93,aci_housing_heavy
2022,QC,in_canada_transition,0,0,0.5,237641.37,aci_housing_heavy
2022,QC,low_quality_student,13695,0,0.333,-211205.93,aci_housing_heavy
2022,QC,low_wage_worker,47740,0,0.333,-180555.42,aci_housing_heavy
2022,QC,refugee,10245,3242,0.333,-439889.84,aci_housing_heavy
2022,SK,family_class,2155,0,0.4246,-133783.0,aci_housing_heavy
2022,SK,francophone_pr,0,199,0.5,444285.46,aci_housing_heavy
2022,SK,high_quality_student,6295,0,0.4246,99711.36,aci_housing_heavy
2022,SK,high_wage_worker,7360,0,0.4246,412526.93,aci_housing_heavy
2022,SK,in_canada_transition,17050,0,0.4246,237641.37,aci_housing_heavy
2022,SK,low_quality_student,2415,0,0.4246,-211205.93,aci_housing_heavy
2022,SK,low_wage_worker,4050,0,0.4246,-180555.42,aci_housing_heavy
2022,SK,refugee,1965,3242,0.4246,-439889.84,aci_housing_heavy
2022,YT,family_class,60,0,,-133783.0,aci_housing_heavy
2022,YT,francophone_pr,0,199,0.5,444285.46,aci_housing_heavy
2022,YT,high_quality_student,65,0,,99711.36,aci_housing_heavy
2022,YT,high_wage_worker,540,0,,412526.93,aci_housing_heavy
2022,YT,in_canada_transition,315,0,,237641.37,aci_housing_heavy
2022,YT,low_quality_student,90,0,,-211205.93,aci_housing_heavy
2022,YT,low_wage_worker,120,0,,-180555.42,aci_housing_heavy
2022,YT,refugee,5,3242,,-439889.84,aci_housing_heavy
2023,AB,family_class,17030,0,0.3276,-133783.0,aci_housing_heavy
2023,AB,francophone_pr,0,206,0.5,444285.46,aci_housing_heavy
2023,AB,high_quality_student,28985,0,0.3276,99711.36,aci_housing_heavy
2023,AB,high_wage_worker,47030,0,0.3276,412526.93,aci_housing_heavy
2023,AB,in_canada_transition,20445,0,0.3276,237641.37,aci_housing_heavy
2023,AB,low_quality_student,14205,0,0.3276,-211205.93,aci_housing_heavy
2023,AB,low_wage_worker,49685,0,0.3276,-180555.42,aci_housing_heavy
2023,AB,refugee,15480,3427,0.3276,-439889.84,aci_housing_heavy
2023,BC,family_class,18080,109490,0.372,-133783.0,aci_housing_heavy
2023,BC,francophone_pr,0,2889,0.5,444285.46,aci_housing_heavy
2023,BC,high_quality_student,93895,534735,0.372,99711.36,aci_housing_heavy
2023,BC,high_wage_worker,104555,614700,0.372,412526.93,aci_housing_heavy
2023,BC,in_canada_transition,35725,193200,0.372,237641.37,aci_housing_heavy
2023,BC,low_quality_student,36875,161800,0.372,-211205.93,aci_housing_heavy
2023,BC,low_wage_worker,71565,376190,0.372,-180555.42,aci_housing_heavy
2023,BC,refugee,10050,47972,0.372,-439889.84,aci_housing_heavy
2023,MB,family_class,3425,0,0.3181,-133783.0,aci_housing_heavy
2023,MB,francophone_pr,0,206,0.5,444285.46,aci_housing_heavy
2023,MB,high_quality_student,14185,0,0.3181,99711.36,aci_housing_heavy
2023,MB,high_wage_worker,17880,0,0.3181,412526.93,aci_housing_heavy
2023,MB,in_canada_transition,17640,0,0.3181,237641.37,aci_housing_heavy
2023,MB,low_quality_student,5870,0,0.3181,-211205.93,aci_housing_heavy
2023,MB,low_wage_worker,17435,0,0.3181,-180555.42,aci_housing_heavy
2023,MB,refugee,3200,3427,0.3181,-439889.84,aci_housing_heavy
2023,NB,family_class,585,0,0.2782,-133783.0,aci_housing_heavy
2023,NB,francophone_pr,0,206,0.5,444285.46,aci_housing_heavy
2023,NB,high_quality_student,7910,0,0.2782,99711.36,aci_housing_heavy
2023,NB,high_wage_worker,9965,0,0.2782,412526.93,aci_housing_heavy
2023,NB,in_canada_transition,8855,0,0.2782,237641.37,aci_housing_heavy
2023,NB,low_quality_student,3285,0,0.2782,-211205.93,aci_housing_heavy
2023,NB,low_wage_worker,7175,0,0.2782,-180555.42,aci_housing_heavy
2023,NB,refugee,1305,3427,0.2782,-439889.84,aci_housing_heavy
2023,NL,family_class,250,0,0.1726,-133783.0,aci_housing_heavy
2023,NL,francophone_pr,0,206,0.5,444285.46,aci_housing_heavy
2023,NL,high_quality_student,3295,0,0.1726,99711.36,aci_housing_heavy
2023,NL,high_wage_worker,3145,0,0.1726,412526.93,aci_housing_heavy
2023,NL,in_canada_transition,3960,0,0.1726,237641.37,aci_housing_heavy
2023,NL,low_quality_student,955,0,0.1726,-211205.93,aci_housing_heavy
2023,NL,low_wage_worker,3135,0,0.1726,-180555.42,aci_housing_heavy
2023,NL,refugee,1155,3427,0.1726,-439889.84,aci_housing_heavy
2023,NS,family_class,1170,0,0.3384,-133783.0,aci_housing_heavy
2023,NS,francophone_pr,0,206,0.5,444285.46,aci_housing_heavy
2023,NS,high_quality_student,11685,0,0.3384,99711.36,aci_housing_heavy
2023,NS,high_wage_worker,13690,0,0.3384,412526.93,aci_housing_heavy
2023,NS,in_canada_transition,8660,0,0.3384,237641.37,aci_housing_heavy
2023,NS,low_quality_student,4705,0,0.3384,-211205.93,aci_housing_heavy
2023,NS,low_wage_worker,7870,0,0.3384,-180555.42,aci_housing_heavy
2023,NS,refugee,1585,3427,0.3384,-439889.84,aci_housing_heavy
2023,NT,family_class,50,0,,-133783.0,aci_housing_heavy
2023,NT,francophone_pr,0,206,0.5,444285.46,aci_housing_heavy
2023,NT,high_quality_student,0,0,0.5,99711.36,aci_housing_heavy
2023,NT,high_wage_worker,230,0,,412526.93,aci_housing_heavy
2023,NT,in_canada_transition,145,0,,237641.37,aci_housing_heavy
2023,NT,low_quality_student,20,0,,-211205.93,aci_housing_heavy
2023,NT,low_wage_worker,140,0,,-180555.42,aci_housing_heavy
2023,NT,refugee,0,3427,0.5,-439889.84,aci_housing_heavy
2023,NU,family_class,0,0,0.5,-133783.0,aci_housing_heavy
2023,NU,francophone_pr,0,206,0.5,444285.46,aci_housing_heavy
2023,NU,high_quality_student,0,0,0.5,99711.36,aci_housing_heavy
2023,NU,high_wage_worker,30,0,,412526.93,aci_housing_heavy
2023,NU,in_canada_transition,0,0,0.5,237641.37,aci_housing_heavy
2023,NU,low_quality_student,0,0,0.5,-211205.93,aci_housing_heavy
2023,NU,low_wage_worker,80,0,,-180555.42,aci_housing_heavy
2023,NU,refugee,5,3427,,-439889.84,aci_housing_heavy
2023,ON,family_class,56125,0,0.3379,-133783.0,aci_housing_heavy
2023,ON,francophone_pr,0,206,0.5,444285.46,aci_housing_heavy
2023,ON,high_quality_student,302230,0,0.3379,99711.36,aci_housing_heavy
2023,ON,high_wage_worker,294435,0,0.3379,412526.93,aci_housing_heavy
2023,ON,in_canada_transition,72885,0,0.3379,237641.37,aci_housing_heavy
2023,ON,low_quality_student,71715,0,0.3379,-211205.93,aci_housing_heavy
2023,ON,low_wage_worker,135545,0,0.3379,-180555.42,aci_housing_heavy
2023,ON,refugee,48290,3427,0.3379,-439889.84,aci_housing_heavy
2023,PE,family_class,130,0,,-133783.0,aci_housing_heavy
2023,PE,francophone_pr,0,206,0.5,444285.46,aci_housing_heavy
2023,PE,high_quality_student,1900,0,,99711.36,aci_housing_heavy
2023,PE,high_wage_worker,3265,0,,412526.93,aci_housing_heavy
2023,PE,in_canada_transition,3205,0,,237641.37,aci_housing_heavy
2023,PE,low_quality_student,1260,0,,-211205.93,aci_housing_heavy
2023,PE,low_wage_worker,2285,0,,-180555.42,aci_housing_heavy
2023,PE,refugee,165,3427,,-439889.84,aci_housing_heavy
2023,QC,family_class,10300,0,0.2831,-133783.0,aci_housing_heavy
2023,QC,francophone_pr,5366,206,0.2831,444285.46,aci_housing_heavy
2023,QC,high_quality_student,61670,0,0.2831,99711.36,aci_housing_heavy
2023,QC,high_wage_worker,107365,0,0.2831,412526.93,aci_housing_heavy
2023,QC,in_canada_transition,0,0,0.5,237641.37,aci_housing_heavy
2023,QC,low_quality_student,19280,0,0.2831,-211205.93,aci_housing_heavy
2023,QC,low_wage_worker,75315,0,0.2831,-180555.42,aci_housing_heavy
2023,QC,refugee,6315,3427,0.2831,-439889.84,aci_housing_heavy
2023,SK,family_class,2265,0,0.3876,-133783.0,aci_housing_heavy
2023,SK,francophone_pr,0,206,0.5,444285.46,aci_housing_heavy
2023,SK,high_quality_student,8875,0,0.3876,99711.36,aci_housing_heavy
2023,SK,high_wage_worker,12250,0,0.3876,412526.93,aci_housing_heavy
2023,SK,in_canada_transition,20970,0,0.3876,237641.37,aci_housing_heavy
2023,SK,low_quality_student,3490,0,0.3876,-211205.93,aci_housing_heavy
2023,SK,low_wage_worker,5720,0,0.3876,-180555.42,aci_housing_heavy
2023,SK,refugee,1530,3427,0.3876,-439889.84,aci_housing_heavy
2023,YT,family_class,80,0,,-133783.0,aci_housing_heavy
2023,YT,francophone_pr,0,206,0.5,444285.46,aci_housing_heavy
2023,YT,high_quality_student,105,0,,99711.36,aci_housing_heavy
2023,YT,high_wage_worker,860,0,,412526.93,aci_housing_heavy
2023,YT,in_canada_transition,710,0,,237641.37,aci_housing_heavy
2023,YT,low_quality_student,140,0,,-211205.93,aci_housing_heavy
2023,YT,low_wage_worker,240,0,,-180555.42,aci_housing_heavy
2023,YT,refugee,10,3427,,-439889.84,aci_housing_heavy
2024,AB,family_class,16840,105740,0.4559,-133783.0,aci_housing_heavy
2024,AB,francophone_pr,0,2783,0.5,444285.46,aci_housing_heavy
2024,AB,high_quality_student,25935,378075,0.4559,99711.36,aci_housing_heavy
2024,AB,high_wage_worker,48775,573990,0.4559,412526.93,aci_housing_heavy
2024,AB,in_canada_transition,23360,180780,0.4559,237641.37,aci_housing_heavy
2024,AB,low_quality_student,14555,149680,0.4559,-211205.93,aci_housing_heavy
2024,AB,low_wage_worker,56460,375290,0.4559,-180555.42,aci_housing_heavy
2024,AB,refugee,18460,51555,0.4559,-439889.84,aci_housing_heavy
2024,BC,family_class,17455,0,0.3614,-133783.0,aci_housing_heavy
2024,BC,francophone_pr,0,199,0.5,444285.46,aci_housing_heavy
2024,BC,high_quality_student,71825,0,0.3614,99711.36,aci_housing_heavy
2024,BC,high_wage_worker,93605,0,0.3614,412526.93,aci_housing_heavy
2024,BC,in_canada_transition,27085,0,0.3614,237641.37,aci_housing_heavy
2024,BC,low_quality_student,32445,0,0.3614,-211205.93,aci_housing_heavy
2024,BC,low_wage_worker,68050,0,0.3614,-180555.42,aci_housing_heavy
2024,BC,refugee,9685,3682,0.3614,-439889.84,aci_housing_heavy
2024,MB,family_class,3550,0,,-133783.0,aci_housing_heavy
2024,MB,francophone_pr,0,199,0.5,444285.46,aci_housing_heavy
2024,MB,high_quality_student,10625,0,,99711.36,aci_housing_heavy
2024,MB,high_wage_worker,16525,0,,412526.93,aci_housing_heavy
2024,MB,in_canada_transition,15870,0,,237641.37,aci_housing_heavy
2024,MB,low_quality_student,5215,0,,-211205.93,aci_housing_heavy
2024,MB,low_wage_worker,16815,0,,-180555.42,aci_housing_heavy
2024,MB,refugee,3600,3682,,-439889.84,aci_housing_heavy
2024,NB,family_class,760,0,0.3959,-133783.0,aci_housing_heavy
2024,NB,francophone_pr,0,199,0.5,444285.46,aci_housing_heavy
2024,NB,high_quality_student,5365,0,0.3959,99711.36,aci_housing_heavy
2024,NB,high_wage_worker,11580,0,0.3959,412526.93,aci_housing_heavy
2024,NB,in_canada_transition,11395,0,0.3959,237641.37,aci_housing_heavy
2024,NB,low_quality_student,2945,0,0.3959,-211205.93,aci_housing_heavy
2024,NB,low_wage_worker,6240,0,0.3959,-180555.42,aci_housing_heavy
2024,NB,refugee,1045,3682,0.3959,-439889.84,aci_housing_heavy
2024,NL,family_class,275,0,0.4419,-133783.0,aci_housing_heavy
2024,NL,francophone_pr,0,199,0.5,444285.46,aci_housing_heavy
2024,NL,high_quality_student,2270,0,0.4419,99711.36,aci_housing_heavy
2024,NL,high_wage_worker,4075,0,0.4419,412526.93,aci_housing_heavy
2024,NL,in_canada_transition,4460,0,0.4419,237641.37,aci_housing_heavy
2024,NL,low_quality_student,1200,0,0.4419,-211205.93,aci_housing_heavy
2024,NL,low_wage_worker,3845,0,0.4419,-180555.42,aci_housing_heavy
2024,NL,refugee,785,3682,0.4419,-439889.84,aci_housing_heavy
2024,NS,family_class,1205,0,0.3265,-133783.0,aci_housing_heavy
2024,NS,francophone_pr,0,199,0.5,444285.46,aci_housing_heavy
2024,NS,high_quality_student,7195,0,0.3265,99711.36,aci_housing_heavy
2024,NS,high_wage_worker,13260,0,0.3265,412526.93,aci_housing_heavy
2024,NS,in_canada_transition,11185,0,0.3265,237641.37,aci_housing_heavy
2024,NS,low_quality_student,3980,0,0.3265,-211205.93,aci_housing_heavy
2024,NS,low_wage_worker,6985,0,0.3265,-180555.42,aci_housing_heavy
2024,NS,refugee,1350,3682,0.3265,-439889.84,aci_housing_heavy
2024,NT,family_class,75,0,,-133783.0,aci_housing_heavy
2024,NT,francophone_pr,0,199,0.5,444285.46,aci_housing_heavy
2024,NT,high_quality_student,20,0,,99711.36,aci_housing_heavy
2024,NT,high_wage_worker,195,0,,412526.93,aci_housing_heavy
2024,NT,in_canada_transition,235,0,,237641.37,aci_housing_heavy
2024,NT,low_quality_student,30,0,,-211205.93,aci_housing_heavy
2024,NT,low_wage_worker,135,0,,-180555.42,aci_housing_heavy
2024,NT,refugee,20,3682,,-439889.84,aci_housing_heavy
2024,NU,family_class,20,0,,-133783.0,aci_housing_heavy
2024,NU,francophone_pr,0,199,0.5,444285.46,aci_housing_heavy
2024,NU,high_quality_student,0,0,0.5,99711.36,aci_housing_heavy
2024,NU,high_wage_worker,0,0,0.5,412526.93,aci_housing_heavy
2024,NU,in_canada_transition,0,0,0.5,237641.37,aci_housing_heavy
2024,NU,low_quality_student,5,0,,-211205.93,aci_housing_heavy
2024,NU,low_wage_worker,65,0,,-180555.42,aci_housing_heavy
2024,NU,refugee,0,3682,0.5,-439889.84,aci_housing_heavy
2024,ON,family_class,52670,0,0.3166,-133783.0,aci_housing_heavy
2024,ON,francophone_pr,0,199,0.5,444285.46,aci_housing_heavy
2024,ON,high_quality_student,196680,0,0.3166,99711.36,aci_housing_heavy
2024,ON,high_wage_worker,267450,0,0.3166,412526.93,aci_housing_heavy
2024,ON,in_canada_transition,64335,0,0.3166,237641.37,aci_housing_heavy
2024,ON,low_quality_student,60560,0,0.3166,-211205.93,aci_housing_heavy
2024,ON,low_wage_worker,128115,0,0.3166,-180555.42,aci_housing_heavy
2024,ON,refugee,51075,3682,0.3166,-439889.84,aci_housing_heavy
2024,PE,family_class,180,0,,-133783.0,aci_housing_heavy
2024,PE,francophone_pr,0,199,0.5,444285.46,aci_housing_heavy
2024,PE,high_quality_student,1140,0,,99711.36,aci_housing_heavy
2024,PE,high_wage_worker,2660,0,,412526.93,aci_housing_heavy
2024,PE,in_canada_transition,3570,0,,237641.37,aci_housing_heavy
2024,PE,low_quality_student,1080,0,,-211205.93,aci_housing_heavy
2024,PE,low_wage_worker,1875,0,,-180555.42,aci_housing_heavy
2024,PE,refugee,105,3682,,-439889.84,aci_housing_heavy
2024,QC,family_class,10390,0,0.4162,-133783.0,aci_housing_heavy
2024,QC,francophone_pr,5168,199,0.4162,444285.46,aci_housing_heavy
2024,QC,high_quality_student,50770,0,0.4162,99711.36,aci_housing_heavy
2024,QC,high_wage_worker,103395,0,0.4162,412526.93,aci_housing_heavy
2024,QC,in_canada_transition,0,0,0.5,237641.37,aci_housing_heavy
2024,QC,low_quality_student,24055,0,0.4162,-211205.93,aci_housing_heavy
2024,QC,low_wage_worker,79550,0,0.4162,-180555.42,aci_housing_heavy
2024,QC,refugee,7840,3682,0.4162,-439889.84,aci_housing_heavy
2024,SK,family_class,2250,0,0.3473,-133783.0,aci_housing_heavy
2024,SK,francophone_pr,0,199,0.5,444285.46,aci_housing_heavy
2024,SK,high_quality_student,6150,0,0.3473,99711.36,aci_housing_heavy
2024,SK,high_wage_worker,11770,0,0.3473,412526.93,aci_housing_heavy
2024,SK,in_canada_transition,18505,0,0.3473,237641.37,aci_housing_heavy
2024,SK,low_quality_student,3515,0,0.3473,-211205.93,aci_housing_heavy
2024,SK,low_wage_worker,6905,0,0.3473,-180555.42,aci_housing_heavy
2024,SK,refugee,1780,3682,0.3473,-439889.84,aci_housing_heavy
2024,YT,family_class,70,0,,-133783.0,aci_housing_heavy
2024,YT,francophone_pr,0,199,0.5,444285.46,aci_housing_heavy
2024,YT,high_quality_student,100,0,,99711.36,aci_housing_heavy
2024,YT,high_wage_worker,700,0,,412526.93,aci_housing_heavy
2024,YT,in_canada_transition,780,0,,237641.37,aci_housing_heavy
2024,YT,low_quality_student,95,0,,-211205.93,aci_housing_heavy
2024,YT,low_wage_worker,250,0,,-180555.42,aci_housing_heavy
2024,YT,refugee,0,3682,0.5,-439889.84,aci_housing_heavy
2025,AB,family_class,15735,95930,,-133783.0,aci_housing_heavy
2025,AB,francophone_pr,0,2473,0.5,444285.46,aci_housing_heavy
2025,AB,high_quality_student,18040,256235,,99711.36,aci_housing_heavy
2025,AB,high_wage_worker,43555,484035,,412526.93,aci_housing_heavy
2025,AB,in_canada_transition,16175,147025,,237641.37,aci_housing_heavy
2025,AB,low_quality_student,17415,144175,,-211205.93,aci_housing_heavy
2025,AB,low_wage_worker,41540,294670,,-180555.42,aci_housing_heavy
2025,AB,refugee,13995,37167,,-439889.84,aci_housing_heavy
2025,BC,family_class,15190,0,,-133783.0,aci_housing_heavy
2025,BC,francophone_pr,0,177,0.5,444285.46,aci_housing_heavy
2025,BC,high_quality_student,51070,0,,99711.36,aci_housing_heavy
2025,BC,high_wage_worker,76790,0,,412526.93,aci_housing_heavy
2025,BC,in_canada_transition,24195,0,,237641.37,aci_housing_heavy
2025,BC,low_quality_student,29735,0,,-211205.93,aci_housing_heavy
2025,BC,low_wage_worker,58630,0,,-180555.42,aci_housing_heavy
2025,BC,refugee,6940,2655,,-439889.84,aci_housing_heavy
2025,MB,family_class,3320,0,,-133783.0,aci_housing_heavy
2025,MB,francophone_pr,0,177,0.5,444285.46,aci_housing_heavy
2025,MB,high_quality_student,8790,0,,99711.36,aci_housing_heavy
2025,MB,high_wage_worker,14330,0,,412526.93,aci_housing_heavy
2025,MB,in_canada_transition,11960,0,,237641.37,aci_housing_heavy
2025,MB,low_quality_student,5405,0,,-211205.93,aci_housing_heavy
2025,MB,low_wage_worker,13840,0,,-180555.42,aci_housing_heavy
2025,MB,refugee,2720,2655,,-439889.84,aci_housing_heavy
2025,NB,family_class,830,0,,-133783.0,aci_housing_heavy
2025,NB,francophone_pr,0,177,0.5,444285.46,aci_housing_heavy
2025,NB,high_quality_student,4960,0,,99711.36,aci_housing_heavy
2025,NB,high_wage_worker,9350,0,,412526.93,aci_housing_heavy
2025,NB,in_canada_transition,7605,0,,237641.37,aci_housing_heavy
2025,NB,low_quality_student,3485,0,,-211205.93,aci_housing_heavy
2025,NB,low_wage_worker,5425,0,,-180555.42,aci_housing_heavy
2025,NB,refugee,655,2655,,-439889.84,aci_housing_heavy
2025,NL,family_class,285,0,,-133783.0,aci_housing_heavy
2025,NL,francophone_pr,0,177,0.5,444285.46,aci_housing_heavy
2025,NL,high_quality_student,2035,0,,99711.36,aci_housing_heavy
2025,NL,high_wage_worker,3315,0,,412526.93,aci_housing_heavy
2025,NL,in_canada_transition,4030,0,,237641.37,aci_housing_heavy
2025,NL,low_quality_student,1320,0,,-211205.93,aci_housing_heavy
2025,NL,low_wage_worker,2945,0,,-180555.42,aci_housing_heavy
2025,NL,refugee,610,2655,,-439889.84,aci_housing_heavy
2025,NS,family_class,1180,0,,-133783.0,aci_housing_heavy
2025,NS,francophone_pr,0,177,0.5,444285.46,aci_housing_heavy
2025,NS,high_quality_student,5195,0,,99711.36,aci_housing_heavy
2025,NS,high_wage_worker,12590,0,,412526.93,aci_housing_heavy
2025,NS,in_canada_transition,6630,0,,237641.37,aci_housing_heavy
2025,NS,low_quality_student,4590,0,,-211205.93,aci_housing_heavy
2025,NS,low_wage_worker,6120,0,,-180555.42,aci_housing_heavy
2025,NS,refugee,980,2655,,-439889.84,aci_housing_heavy
2025,NT,family_class,50,0,,-133783.0,aci_housing_heavy
2025,NT,francophone_pr,0,177,0.5,444285.46,aci_housing_heavy
2025,NT,high_quality_student,0,0,0.5,99711.36,aci_housing_heavy
2025,NT,high_wage_worker,240,0,,412526.93,aci_housing_heavy
2025,NT,in_canada_transition,285,0,,237641.37,aci_housing_heavy
2025,NT,low_quality_student,55,0,,-211205.93,aci_housing_heavy
2025,NT,low_wage_worker,90,0,,-180555.42,aci_housing_heavy
2025,NT,refugee,0,2655,0.5,-439889.84,aci_housing_heavy
2025,NU,family_class,5,0,,-133783.0,aci_housing_heavy
2025,NU,francophone_pr,0,177,0.5,444285.46,aci_housing_heavy
2025,NU,high_quality_student,0,0,0.5,99711.36,aci_housing_heavy
2025,NU,high_wage_worker,15,0,,412526.93,aci_housing_heavy
2025,NU,in_canada_transition,0,0,0.5,237641.37,aci_housing_heavy
2025,NU,low_quality_student,0,0,0.5,-211205.93,aci_housing_heavy
2025,NU,low_wage_worker,35,0,,-180555.42,aci_housing_heavy
2025,NU,refugee,0,2655,0.5,-439889.84,aci_housing_heavy
2025,ON,family_class,46650,0,,-133783.0,aci_housing_heavy
2025,ON,francophone_pr,0,177,0.5,444285.46,aci_housing_heavy
2025,ON,high_quality_student,117970,0,,99711.36,aci_housing_heavy
2025,ON,high_wage_worker,219490,0,,412526.93,aci_housing_heavy
2025,ON,in_canada_transition,63485,0,,237641.37,aci_housing_heavy
2025,ON,low_quality_student,55455,0,,-211205.93,aci_housing_heavy
2025,ON,low_wage_worker,97955,0,,-180555.42,aci_housing_heavy
2025,ON,refugee,34450,2655,,-439889.84,aci_housing_heavy
2025,PE,family_class,170,0,,-133783.0,aci_housing_heavy
2025,PE,francophone_pr,0,177,0.5,444285.46,aci_housing_heavy
2025,PE,high_quality_student,980,0,,99711.36,aci_housing_heavy
2025,PE,high_wage_worker,2070,0,,412526.93,aci_housing_heavy
2025,PE,in_canada_transition,1825,0,,237641.37,aci_housing_heavy
2025,PE,low_quality_student,1010,0,,-211205.93,aci_housing_heavy
2025,PE,low_wage_worker,1695,0,,-180555.42,aci_housing_heavy
2025,PE,refugee,80,2655,,-439889.84,aci_housing_heavy
2025,QC,family_class,10355,0,,-133783.0,aci_housing_heavy
2025,QC,francophone_pr,4592,177,,444285.46,aci_housing_heavy
2025,QC,high_quality_student,42705,0,,99711.36,aci_housing_heavy
2025,QC,high_wage_worker,91870,0,,412526.93,aci_housing_heavy
2025,QC,in_canada_transition,0,0,0.5,237641.37,aci_housing_heavy
2025,QC,low_quality_student,21840,0,,-211205.93,aci_housing_heavy
2025,QC,low_wage_worker,60555,0,,-180555.42,aci_housing_heavy
2025,QC,refugee,7390,2655,,-439889.84,aci_housing_heavy
2025,SK,family_class,2085,0,,-133783.0,aci_housing_heavy
2025,SK,francophone_pr,0,177,0.5,444285.46,aci_housing_heavy
2025,SK,high_quality_student,4410,0,,99711.36,aci_housing_heavy
2025,SK,high_wage_worker,10065,0,,412526.93,aci_housing_heavy
2025,SK,in_canada_transition,10275,0,,237641.37,aci_housing_heavy
2025,SK,low_quality_student,3790,0,,-211205.93,aci_housing_heavy
2025,SK,low_wage_worker,5570,0,,-180555.42,aci_housing_heavy
2025,SK,refugee,1205,2655,,-439889.84,aci_housing_heavy
2025,YT,family_class,75,0,,-133783.0,aci_housing_heavy
2025,YT,francophone_pr,0,177,0.5,444285.46,aci_housing_heavy
2025,YT,high_quality_student,80,0,,99711.36,aci_housing_heavy
2025,YT,high_wage_worker,355,0,,412526.93,aci_housing_heavy
2025,YT,in_canada_transition,560,0,,237641.37,aci_housing_heavy
2025,YT,low_quality_student,75,0,,-211205.93,aci_housing_heavy
2025,YT,low_wage_worker,270,0,,-180555.42,aci_housing_heavy
2025,YT,refugee,0,2655,0.5,-439889.84,aci_housing_heavy
2026,AB,family_class,3140,19545,,-133783.0,aci_housing_heavy
2026,AB,francophone_pr,0,682,0.5,444285.46,aci_housing_heavy
2026,AB,high_quality_student,3120,39715,,99711.36,aci_housing_heavy
2026,AB,high_wage_worker,18425,207920,,412526.93,aci_housing_heavy
2026,AB,in_canada_transition,4665,36475,,237641.37,aci_housing_heavy
2026,AB,low_quality_student,4445,31890,,-211205.93,aci_housing_heavy
2026,AB,low_wage_worker,15780,88015,,-180555.42,aci_housing_heavy
2026,AB,refugee,2070,6833,,-439889.84,aci_housing_heavy
2026,BC,family_class,3235,0,,-133783.0,aci_housing_heavy
2026,BC,francophone_pr,0,49,0.5,444285.46,aci_housing_heavy
2026,BC,high_quality_student,9100,0,,99711.36,aci_housing_heavy
2026,BC,high_wage_worker,30940,0,,412526.93,aci_housing_heavy
2026,BC,in_canada_transition,5005,0,,237641.37,aci_housing_heavy
2026,BC,low_quality_student,6450,0,,-211205.93,aci_housing_heavy
2026,BC,low_wage_worker,14795,0,,-180555.42,aci_housing_heavy
2026,BC,refugee,1170,488,,-439889.84,aci_housing_heavy
2026,MB,family_class,760,0,,-133783.0,aci_housing_heavy
2026,MB,francophone_pr,0,49,0.5,444285.46,aci_housing_heavy
2026,MB,high_quality_student,1485,0,,99711.36,aci_housing_heavy
2026,MB,high_wage_worker,5530,0,,412526.93,aci_housing_heavy
2026,MB,in_canada_transition,3880,0,,237641.37,aci_housing_heavy
2026,MB,low_quality_student,1345,0,,-211205.93,aci_housing_heavy
2026,MB,low_wage_worker,5090,0,,-180555.42,aci_housing_heavy
2026,MB,refugee,325,488,,-439889.84,aci_housing_heavy
2026,NB,family_class,165,0,,-133783.0,aci_housing_heavy
2026,NB,francophone_pr,0,49,0.5,444285.46,aci_housing_heavy
2026,NB,high_quality_student,700,0,,99711.36,aci_housing_heavy
2026,NB,high_wage_worker,3885,0,,412526.93,aci_housing_heavy
2026,NB,in_canada_transition,1930,0,,237641.37,aci_housing_heavy
2026,NB,low_quality_student,775,0,,-211205.93,aci_housing_heavy
2026,NB,low_wage_worker,1520,0,,-180555.42,aci_housing_heavy
2026,NB,refugee,110,488,,-439889.84,aci_housing_heavy
2026,NL,family_class,40,0,,-133783.0,aci_housing_heavy
2026,NL,francophone_pr,0,49,0.5,444285.46,aci_housing_heavy
2026,NL,high_quality_student,400,0,,99711.36,aci_housing_heavy
2026,NL,high_wage_worker,1620,0,,412526.93,aci_housing_heavy
2026,NL,in_canada_transition,1230,0,,237641.37,aci_housing_heavy
2026,NL,low_quality_student,310,0,,-211205.93,aci_housing_heavy
2026,NL,low_wage_worker,655,0,,-180555.42,aci_housing_heavy
2026,NL,refugee,85,488,,-439889.84,aci_housing_heavy
2026,NS,family_class,250,0,,-133783.0,aci_housing_heavy
2026,NS,francophone_pr,0,49,0.5,444285.46,aci_housing_heavy
2026,NS,high_quality_student,810,0,,99711.36,aci_housing_heavy
2026,NS,high_wage_worker,5140,0,,412526.93,aci_housing_heavy
2026,NS,in_canada_transition,2030,0,,237641.37,aci_housing_heavy
2026,NS,low_quality_student,1100,0,,-211205.93,aci_housing_heavy
2026,NS,low_wage_worker,1780,0,,-180555.42,aci_housing_heavy
2026,NS,refugee,195,488,,-439889.84,aci_housing_heavy
2026,NT,family_class,5,0,,-133783.0,aci_housing_heavy
2026,NT,francophone_pr,0,49,0.5,444285.46,aci_housing_heavy
2026,NT,high_quality_student,0,0,0.5,99711.36,aci_housing_heavy
2026,NT,high_wage_worker,130,0,,412526.93,aci_housing_heavy
2026,NT,in_canada_transition,145,0,,237641.37,aci_housing_heavy
2026,NT,low_quality_student,20,0,,-211205.93,aci_housing_heavy
2026,NT,low_wage_worker,20,0,,-180555.42,aci_housing_heavy
2026,NT,refugee,0,488,0.5,-439889.84,aci_housing_heavy
2026,NU,family_class,0,0,0.5,-133783.0,aci_housing_heavy
2026,NU,francophone_pr,0,49,0.5,444285.46,aci_housing_heavy
2026,NU,high_quality_student,0,0,0.5,99711.36,aci_housing_heavy
2026,NU,high_wage_worker,15,0,,412526.93,aci_housing_heavy
2026,NU,in_canada_transition,0,0,0.5,237641.37,aci_housing_heavy
2026,NU,low_quality_student,0,0,0.5,-211205.93,aci_housing_heavy
2026,NU,low_wage_worker,0,0,0.5,-180555.42,aci_housing_heavy
2026,NU,refugee,0,488,0.5,-439889.84,aci_housing_heavy
2026,ON,family_class,9345,0,,-133783.0,aci_housing_heavy
2026,ON,francophone_pr,0,49,0.5,444285.46,aci_housing_heavy
2026,ON,high_quality_student,16605,0,,99711.36,aci_housing_heavy
2026,ON,high_wage_worker,111100,0,,412526.93,aci_housing_heavy
2026,ON,in_canada_transition,14245,0,,237641.37,aci_housing_heavy
2026,ON,low_quality_student,11815,0,,-211205.93,aci_housing_heavy
2026,ON,low_wage_worker,28625,0,,-180555.42,aci_housing_heavy
2026,ON,refugee,6840,488,,-439889.84,aci_housing_heavy
2026,PE,family_class,45,0,,-133783.0,aci_housing_heavy
2026,PE,francophone_pr,0,49,0.5,444285.46,aci_housing_heavy
2026,PE,high_quality_student,150,0,,99711.36,aci_housing_heavy
2026,PE,high_wage_worker,1045,0,,412526.93,aci_housing_heavy
2026,PE,in_canada_transition,545,0,,237641.37,aci_housing_heavy
2026,PE,low_quality_student,155,0,,-211205.93,aci_housing_heavy
2026,PE,low_wage_worker,470,0,,-180555.42,aci_housing_heavy
2026,PE,refugee,10,488,,-439889.84,aci_housing_heavy
2026,QC,family_class,2145,0,,-133783.0,aci_housing_heavy
2026,QC,francophone_pr,1266,49,,444285.46,aci_housing_heavy
2026,QC,high_quality_student,6525,0,,99711.36,aci_housing_heavy
2026,QC,high_wage_worker,25335,0,,412526.93,aci_housing_heavy
2026,QC,in_canada_transition,0,0,0.5,237641.37,aci_housing_heavy
2026,QC,low_quality_student,4520,0,,-211205.93,aci_housing_heavy
2026,QC,low_wage_worker,17565,0,,-180555.42,aci_housing_heavy
2026,QC,refugee,1670,488,,-439889.84,aci_housing_heavy
2026,SK,family_class,395,0,,-133783.0,aci_housing_heavy
2026,SK,francophone_pr,0,49,0.5,444285.46,aci_housing_heavy
2026,SK,high_quality_student,810,0,,99711.36,aci_housing_heavy
2026,SK,high_wage_worker,4560,0,,412526.93,aci_housing_heavy
2026,SK,in_canada_transition,2615,0,,237641.37,aci_housing_heavy
2026,SK,low_quality_student,930,0,,-211205.93,aci_housing_heavy
2026,SK,low_wage_worker,1650,0,,-180555.42,aci_housing_heavy
2026,SK,refugee,215,488,,-439889.84,aci_housing_heavy
2026,YT,family_class,20,0,,-133783.0,aci_housing_heavy
2026,YT,francophone_pr,0,49,0.5,444285.46,aci_housing_heavy
2026,YT,high_quality_student,10,0,,99711.36,aci_housing_heavy
2026,YT,high_wage_worker,195,0,,412526.93,aci_housing_heavy
2026,YT,in_canada_transition,185,0,,237641.37,aci_housing_heavy
2026,YT,low_quality_student,25,0,,-211205.93,aci_housing_heavy
2026,YT,low_wage_worker,65,0,,-180555.42,aci_housing_heavy
2026,YT,refugee,0,488,0.5,-439889.84,aci_housing_heavy
